Workbook

Sheet Calculator
A1: Tips | B1: Cook | C1: Helper | D1: Psistaria | E1: Waiter | F1: Waiter/prep | G1: Cashier
A2: Weight | B2: Fixed Share | C2: Fixed Share | D2: Fixed Share | E2: 1 | F2: 1 | G2: 1 | I2: For staff | J2: =SUM(B12:Z14) -> 52.8
A3: 55 | B3: 0.3 | C3: 0.15 | D3: 0.04 | E3: =1-D3-C3-B3 -> 0.51 | F3: =E3 -> 0.51 | G3: =E3 -> 0.51 | I3: For restaurant | J3: =A3-J2 -> 2.2
B5: Anastasia | C5: Aftap | D5: Eva | E5: Giannis | F5: Xristiana | G5: Xristis | H5: Amanta | I5: Tania | J5: Marina | K5: Anelia | L5: Natalia | M5: Pantelo | N5: Maria | O5: Dio
B6: Cook | C6: Cook | D6: Cook | E6: Waiter/prep | F6: Waiter/prep | G6: Waiter | H6: Helper | I6: Helper | J6: Helper | K6: Helper | L6: Helper | M6: Cashier | N6: Cashier | O6: Cook | P6: Cashier | Q6: Cashier | R6: Cashier
A7: Hours | B7: 4 | C7: 4 | D7: 4 | E7: 7 | F7: 6 | G7: 0 | H7: 2 | I7: 0 | J7: 0 | K7: 4 | L7: 0 | M7: 7 | N7: 0 | O7: 4 | P7: 0 | Q7: 0 | R7: 0
A8: Proportion | B8: =B7/SUM($B7:$Z7) -> 0.095238095 | C8: =C7/SUM($B7:$Z7) -> 0.095238095 | D8: =D7/SUM($B7:$Z7) -> 0.095238095 | E8: =E7/SUM($B7:$Z7) -> 0.16666667 | F8: =F7/SUM($B7:$Z7) -> 0.14285714 | G8: =G7/SUM($B7:$Z7) -> 0 | H8: =H7/SUM($B7:$Z7) -> 0.047619048 | I8: =I7/SUM($B7:$Z7) -> 0 | ... R8: =R7/SUM($B7:$Z7) -> 0
A9: Profession total | B9: =SUMIF($B$6:$Z$6,B6,$B$7:$Z$7) -> 16 | C9: =SUMIF($B$6:$Z$6,C6,$B$7:$Z$7) -> 16 | D9: =SUMIF($B$6:$Z$6,D6,$B$7:$Z$7) -> 16 | E9: =SUMIF($B$6:$Z$6,E6,$B$7:$Z$7) -> 13 | F9: =SUMIF($B$6:$Z$6,F6,$B$7:$Z$7) -> 13 | G9: =SUMIF($B$6:$Z$6,G6,$B$7:$Z$7) -> 0 | H9: =SUMIF($B$6:$Z$6,H6,$B$7:$Z$7) -> 6 | I9: =SUMIF($B$6:$Z$6,I6,$B$7:$Z$7) -> 6 | ... R9: =SUMIF($B$6:$Z$6,R6,$B$7:$Z$7) -> 7
A10: Share of profession | B10: =IFERROR(B7/B9,0) -> 0.25 | C10: =IFERROR(C7/C9,0) -> 0.25 | D10: =IFERROR(D7/D9,0) -> 0.25 | E10: =IFERROR(E7/E9,0) -> 0.53846154 | F10: =IFERROR(F7/F9,0) -> 0.46153846 | G10: =IFERROR(G7/G9,0) -> 0 | H10: =IFERROR(H7/H9,0) -> 0.33333333 | I10: =IFERROR(I7/I9,0) -> 0 | ... R10: =IFERROR(R7/R9,0) -> 0
B11: =HLOOKUP(B6,$B$1:$G$3,3,0) -> 0.3 | C11: =HLOOKUP(C6,$B$1:$G$3,3,0) -> 0.3 | D11: =HLOOKUP(D6,$B$1:$G$3,3,0) -> 0.3 | E11: =HLOOKUP(E6,$B$1:$G$3,3,0) -> 0.51 | F11: =HLOOKUP(F6,$B$1:$G$3,3,0) -> 0.51 | G11: =HLOOKUP(G6,$B$1:$G$3,3,0) -> 0.51 | H11: =HLOOKUP(H6,$B$1:$G$3,3,0) -> 0.15 | I11: =HLOOKUP(I6,$B$1:$G$3,3,0) -> 0.15 | ... R11: =HLOOKUP(R6,$B$1:$G$3,3,0) -> 0.51
A12: Cook share | B12: =IF(B6=$B$1, $A$3*B10*B11,0) -> 4.125 | C12: =IF(C6=$B$1, $A$3*C10*C11,0) -> 4.125 | D12: =IF(D6=$B$1, $A$3*D10*D11,0) -> 4.125 | E12: =IF(E6=$B$1, $A$3*E10*E11,0) -> 0 | F12: =IF(F6=$B$1, $A$3*F10*F11,0) -> 0 | G12: =IF(G6=$B$1, $A$3*G10*G11,0) -> 0 | H12: =IF(H6=$B$1, $A$3*H10*H11,0) -> 0 | I12: =IF(I6=$B$1, $A$3*I10*I11,0) -> 0 | ... R12: =IF(R6=$B$1, $A$3*R10*R11,0) -> 0
A13: Helper Share | B13: =IF(B6=$C$1, $A$3*B10*B11,0) -> 0 | C13: =IF(C6=$C$1, $A$3*C10*C11,0) -> 0 | D13: =IF(D6=$C$1, $A$3*D10*D11,0) -> 0 | E13: =IF(E6=$C$1, $A$3*E10*E11,0) -> 0 | F13: =IF(F6=$C$1, $A$3*F10*F11,0) -> 0 | G13: =IF(G6=$C$1, $A$3*G10*G11,0) -> 0 | H13: =IF(H6=$C$1, $A$3*H10*H11,0) -> 2.75 | I13: =IF(I6=$C$1, $A$3*I10*I11,0) -> 0 | ... R13: =IF(R6=$C$1, $A$3*R10*R11,0) -> 0
A14: Amount | B14: =B17/SUM($B$17:$Z$17) -> 0 | C14: =C17/SUM($B$17:$Z$17) -> 0 | D14: =D17/SUM($B$17:$Z$17) -> 0 | E14: =(E17/SUM($B$17:$Z$17))*$E$3*$A$3 -> 9.8175 | F14: =(F17/SUM($B$17:$Z$17))*$E$3*$A$3 -> 8.415 | G14: =(G17/SUM($B$17:$Z$17))*$E$3*$A$3 -> 0 | H14: =(H17/SUM($B$17:$Z$17))*$E$3*$A$3 -> 0 | I14: =(I17/SUM($B$17:$Z$17))*$E$3*$A$3 -> 0 | J14: =(J17/SUM($B$17:$Z$17))*$E$3*$A$3 -> 0 | K14: =(K17/SUM($B$17:$Z$17))*$E$3*$A$3 -> 0 | L14: =(L17/SUM($B$17:$Z$17))*$E$3*$A$3 -> 0 | ... R14: =(R17/SUM($B$17:$Z$17))*$E$3*$A$3 -> 0
A17: Points | B17: =IFNA(HLOOKUP(B6,$E$1:$G$2,2,0)*B18*B7,0) -> 0 | C17: =IFNA(HLOOKUP(C6,$E$1:$G$2,2,0)*C18*C7,0) -> 0 | D17: =IFNA(HLOOKUP(D6,$E$1:$G$2,2,0)*D18*D7,0) -> 0 | E17: =IFNA(HLOOKUP(E6,$E$1:$G$2,2,0)*E18*E7,0) -> 7 | F17: =IFNA(HLOOKUP(F6,$E$1:$G$2,2,0)*F18*F7,0) -> 6 | G17: =IFNA(HLOOKUP(G6,$E$1:$G$2,2,0)*G18*G7,0) -> 0 | H17: =IFNA(HLOOKUP(H6,$E$1:$G$2,2,0)*H18*H7,0) -> 0 | I17: =IFNA(HLOOKUP(I6,$E$1:$G$2,2,0)*I18*I7,0) -> 0 | ... R17: =IFNA(HLOOKUP(R6,$E$1:$G$2,2,0)*R18*R7,0) -> 0
A18: Remaining Share? | B18: =IF(SUM(B12:B13),0,1) -> 0 | C18: =IF(SUM(C12:C13),0,1) -> 0 | D18: =IF(SUM(D12:D13),0,1) -> 0 | E18: =IF(SUM(E12:E13),0,1) -> 1 | F18: =IF(SUM(F12:F13),0,1) -> 1 | G18: =IF(SUM(G12:G13),0,1) -> 1 | H18: =IF(SUM(H12:H13),0,1) -> 0 | I18: =IF(SUM(I12:I13),0,1) -> 1 | ... R18: =IF(SUM(R12:R13),0,1) -> 1

Sheet Weights
A1: Dates | B1: Cook | C1: Help | D1: Waiter | E1: Waiter/pre | F1: Cash
A2: 45597 | B2: 0.6 | C2: 0.6 | D2: 0.9 | E2: 1 | F2: 1
A3: =A2+1 -> 45598 | B3: 0.6 | C3: 0.6 | D3: 0.9 | E3: 1 | F3: 1
A4: =A3+1 -> 45599 | B4: 0.6 | C4: 0.6 | D4: 0.9 | E4: 1 | F4: 1
A5: =A4+1 -> 45600 | B5: 0.6 | C5: 0.6 | D5: 0.9 | E5: 1 | F5: 1
A6: =A5+1 -> 45601 | B6: 0.6 | C6: 0.6 | D6: 0.9 | E6: 1 | F6: 1
A7: =A6+1 -> 45602 | B7: 0.6 | C7: 0.6 | D7: 0.9 | E7: 1 | F7: 1
A8: =A7+1 -> 45603 | B8: 0.6 | C8: 0.6 | D8: 0.9 | E8: 1 | F8: 1
A9: =A8+1 -> 45604 | B9: 0.6 | C9: 0.6 | D9: 0.9 | E9: 1 | F9: 1
A10: =A9+1 -> 45605 | B10: 0.6 | C10: 0.6 | D10: 0.9 | E10: 1 | F10: 1
A11: =A10+1 -> 45606 | B11: 0.6 | C11: 0.6 | D11: 0.9 | E11: 1 | F11: 1
A12: =A11+1 -> 45607 | B12: 0.6 | C12: 0.6 | D12: 0.9 | E12: 1 | F12: 1
A13: =A12+1 -> 45608 | B13: 0.6 | C13: 0.6 | D13: 0.9 | E13: 1 | F13: 1
A14: =A13+1 -> 45609 | B14: 0.6 | C14: 0.6 | D14: 0.9 | E14: 1 | F14: 1
... A467: =A466+1 -> 46062 | B467: 0.6 | C467: 0.6 | D467: 0.9 | E467: 1 | F467: 1
A468: =A467+1 -> 46063 | B468: =IFERROR( Hours!D468/SUM(Hours!$D468:$Z468),) | C468: =IFERROR( Hours!F468/SUM(Hours!$D468:$Z468),) | D468: =IFERROR( Hours!G468/SUM(Hours!$D468:$Z468),) | E468: =IFERROR( Hours!C468/SUM(Hours!$D468:$Z468),) | F468: =IFERROR( Hours!H468/SUM(Hours!$D468:$Z468),)
A469: =A468+1 -> 46064 | B469: =IFERROR( Hours!D469/SUM(Hours!$D469:$Z469),) | C469: =IFERROR( Hours!F469/SUM(Hours!$D469:$Z469),) | D469: =IFERROR( Hours!G469/SUM(Hours!$D469:$Z469),) | E469: =IFERROR( Hours!C469/SUM(Hours!$D469:$Z469),) | F469: =IFERROR( Hours!H469/SUM(Hours!$D469:$Z469),)
A470: =A469+1 -> 46065 | B470: =IFERROR( Hours!D470/SUM(Hours!$D470:$Z470),) | C470: =IFERROR( Hours!F470/SUM(Hours!$D470:$Z470),) | D470: =IFERROR( Hours!G470/SUM(Hours!$D470:$Z470),) | E470: =IFERROR( Hours!C470/SUM(Hours!$D470:$Z470),) | F470: =IFERROR( Hours!H470/SUM(Hours!$D470:$Z470),)
A471: =A470+1 -> 46066 | B471: =IFERROR( Hours!D471/SUM(Hours!$D471:$Z471),) | C471: =IFERROR( Hours!F471/SUM(Hours!$D471:$Z471),) | D471: =IFERROR( Hours!G471/SUM(Hours!$D471:$Z471),) | E471: =IFERROR( Hours!C471/SUM(Hours!$D471:$Z471),) | F471: =IFERROR( Hours!H471/SUM(Hours!$D471:$Z471),)
A472: =A471+1 -> 46067 | B472: =IFERROR( Hours!D472/SUM(Hours!$D472:$Z472),) | C472: =IFERROR( Hours!F472/SUM(Hours!$D472:$Z472),) | D472: =IFERROR( Hours!G472/SUM(Hours!$D472:$Z472),) | E472: =IFERROR( Hours!C472/SUM(Hours!$D472:$Z472),) | F472: =IFERROR( Hours!H472/SUM(Hours!$D472:$Z472),)
A473: =A472+1 -> 46068 | B473: =IFERROR( Hours!D473/SUM(Hours!$D473:$Z473),) | C473: =IFERROR( Hours!F473/SUM(Hours!$D473:$Z473),) | D473: =IFERROR( Hours!G473/SUM(Hours!$D473:$Z473),) | E473: =IFERROR( Hours!C473/SUM(Hours!$D473:$Z473),) | F473: =IFERROR( Hours!H473/SUM(Hours!$D473:$Z473),)
A474: =A473+1 -> 46069 | B474: =IFERROR( Hours!D474/SUM(Hours!$D474:$Z474),) | C474: =IFERROR( Hours!F474/SUM(Hours!$D474:$Z474),) | D474: =IFERROR( Hours!G474/SUM(Hours!$D474:$Z474),) | E474: =IFERROR( Hours!C474/SUM(Hours!$D474:$Z474),) | F474: =IFERROR( Hours!H474/SUM(Hours!$D474:$Z474),)
A475: =A474+1 -> 46070 | B475: =IFERROR( Hours!D475/SUM(Hours!$D475:$Z475),) | C475: =IFERROR( Hours!F475/SUM(Hours!$D475:$Z475),) | D475: =IFERROR( Hours!G475/SUM(Hours!$D475:$Z475),) | E475: =IFERROR( Hours!C475/SUM(Hours!$D475:$Z475),) | F475: =IFERROR( Hours!H475/SUM(Hours!$D475:$Z475),)
A476: =A475+1 -> 46071 | B476: =IFERROR( Hours!D476/SUM(Hours!$D476:$Z476),) | C476: =IFERROR( Hours!F476/SUM(Hours!$D476:$Z476),) | D476: =IFERROR( Hours!G476/SUM(Hours!$D476:$Z476),) | E476: =IFERROR( Hours!C476/SUM(Hours!$D476:$Z476),) | F476: =IFERROR( Hours!H476/SUM(Hours!$D476:$Z476),)
A477: =A476+1 -> 46072 | B477: =IFERROR( Hours!D477/SUM(Hours!$D477:$Z477),) | C477: =IFERROR( Hours!F477/SUM(Hours!$D477:$Z477),) | D477: =IFERROR( Hours!G477/SUM(Hours!$D477:$Z477),) | E477: =IFERROR( Hours!C477/SUM(Hours!$D477:$Z477),) | F477: =IFERROR( Hours!H477/SUM(Hours!$D477:$Z477),)
A478: =A477+1 -> 46073 | B478: =IFERROR( Hours!D478/SUM(Hours!$D478:$Z478),) | C478: =IFERROR( Hours!F478/SUM(Hours!$D478:$Z478),) | D478: =IFERROR( Hours!G478/SUM(Hours!$D478:$Z478),) | E478: =IFERROR( Hours!C478/SUM(Hours!$D478:$Z478),) | F478: =IFERROR( Hours!H478/SUM(Hours!$D478:$Z478),)
A479: =A478+1 -> 46074 | B479: =IFERROR( Hours!D479/SUM(Hours!$D479:$Z479),) | C479: =IFERROR( Hours!F479/SUM(Hours!$D479:$Z479),) | D479: =IFERROR( Hours!G479/SUM(Hours!$D479:$Z479),) | E479: =IFERROR( Hours!C479/SUM(Hours!$D479:$Z479),) | F479: =IFERROR( Hours!H479/SUM(Hours!$D479:$Z479),)
... A659: =A658+1 -> 46254 | B659: =IFERROR( Hours!D659/SUM(Hours!$D659:$Z659),) | C659: =IFERROR( Hours!F659/SUM(Hours!$D659:$Z659),) | D659: =IFERROR( Hours!G659/SUM(Hours!$D659:$Z659),) | E659: =IFERROR( Hours!C659/SUM(Hours!$D659:$Z659),) | F659: =IFERROR( Hours!H659/SUM(Hours!$D659:$Z659),)
A660: =A659+1 -> 46255
A661: =A660+1 -> 46256
A662: =A661+1 -> 46257
A663: =A662+1 -> 46258
A664: =A663+1 -> 46259
A665: =A664+1 -> 46260
A666: =A665+1 -> 46261
A667: =A666+1 -> 46262
A668: =A667+1 -> 46263
A669: =A668+1 -> 46264
A670: =A669+1 -> 46265
A671: =A670+1 -> 46266
... A781: =A780+1 -> 46376
B782: #N/A | C782: #N/A | D782: #N/A | E782: #N/A | F782: #N/A
B783: =VLOOKUP($A783,'2025'!$C:$Z,MATCH(B$1,'2025'!$C$1:$Z$1,0)) -> #N/A | C783: =VLOOKUP($A783,'2025'!$C:$Z,MATCH(C$1,'2025'!$C$1:$Z$1,0)) -> #N/A | D783: =VLOOKUP($A783,'2025'!$C:$Z,MATCH(D$1,'2025'!$C$1:$Z$1,0)) -> #N/A | E783: =VLOOKUP($A783,'2025'!$C:$Z,MATCH(E$1,'2025'!$C$1:$Z$1,0)) -> #N/A | F783: =VLOOKUP($A783,'2025'!$C:$Z,MATCH(F$1,'2025'!$C$1:$Z$1,0)) -> #N/A
B784: =VLOOKUP($A784,'2025'!$C:$Z,MATCH(B$1,'2025'!$C$1:$Z$1,0)) -> #N/A | C784: =VLOOKUP($A784,'2025'!$C:$Z,MATCH(C$1,'2025'!$C$1:$Z$1,0)) -> #N/A | D784: =VLOOKUP($A784,'2025'!$C:$Z,MATCH(D$1,'2025'!$C$1:$Z$1,0)) -> #N/A | E784: =VLOOKUP($A784,'2025'!$C:$Z,MATCH(E$1,'2025'!$C$1:$Z$1,0)) -> #N/A | F784: =VLOOKUP($A784,'2025'!$C:$Z,MATCH(F$1,'2025'!$C$1:$Z$1,0)) -> #N/A
B785: =VLOOKUP($A785,'2025'!$C:$Z,MATCH(B$1,'2025'!$C$1:$Z$1,0)) -> #N/A | C785: =VLOOKUP($A785,'2025'!$C:$Z,MATCH(C$1,'2025'!$C$1:$Z$1,0)) -> #N/A | D785: =VLOOKUP($A785,'2025'!$C:$Z,MATCH(D$1,'2025'!$C$1:$Z$1,0)) -> #N/A | E785: =VLOOKUP($A785,'2025'!$C:$Z,MATCH(E$1,'2025'!$C$1:$Z$1,0)) -> #N/A | F785: =VLOOKUP($A785,'2025'!$C:$Z,MATCH(F$1,'2025'!$C$1:$Z$1,0)) -> #N/A
B786: =VLOOKUP($A786,'2025'!$C:$Z,MATCH(B$1,'2025'!$C$1:$Z$1,0)) -> #N/A | C786: =VLOOKUP($A786,'2025'!$C:$Z,MATCH(C$1,'2025'!$C$1:$Z$1,0)) -> #N/A | D786: =VLOOKUP($A786,'2025'!$C:$Z,MATCH(D$1,'2025'!$C$1:$Z$1,0)) -> #N/A | E786: =VLOOKUP($A786,'2025'!$C:$Z,MATCH(E$1,'2025'!$C$1:$Z$1,0)) -> #N/A | F786: =VLOOKUP($A786,'2025'!$C:$Z,MATCH(F$1,'2025'!$C$1:$Z$1,0)) -> #N/A
B787: =VLOOKUP($A787,'2025'!$C:$Z,MATCH(B$1,'2025'!$C$1:$Z$1,0)) -> #N/A | C787: =VLOOKUP($A787,'2025'!$C:$Z,MATCH(C$1,'2025'!$C$1:$Z$1,0)) -> #N/A | D787: =VLOOKUP($A787,'2025'!$C:$Z,MATCH(D$1,'2025'!$C$1:$Z$1,0)) -> #N/A | E787: =VLOOKUP($A787,'2025'!$C:$Z,MATCH(E$1,'2025'!$C$1:$Z$1,0)) -> #N/A | F787: =VLOOKUP($A787,'2025'!$C:$Z,MATCH(F$1,'2025'!$C$1:$Z$1,0)) -> #N/A
B788: =VLOOKUP($A788,'2025'!$C:$Z,MATCH(B$1,'2025'!$C$1:$Z$1,0)) -> #N/A | C788: =VLOOKUP($A788,'2025'!$C:$Z,MATCH(C$1,'2025'!$C$1:$Z$1,0)) -> #N/A | D788: =VLOOKUP($A788,'2025'!$C:$Z,MATCH(D$1,'2025'!$C$1:$Z$1,0)) -> #N/A | E788: =VLOOKUP($A788,'2025'!$C:$Z,MATCH(E$1,'2025'!$C$1:$Z$1,0)) -> #N/A | F788: =VLOOKUP($A788,'2025'!$C:$Z,MATCH(F$1,'2025'!$C$1:$Z$1,0)) -> #N/A
B789: =VLOOKUP($A789,'2025'!$C:$Z,MATCH(B$1,'2025'!$C$1:$Z$1,0)) -> #N/A | C789: =VLOOKUP($A789,'2025'!$C:$Z,MATCH(C$1,'2025'!$C$1:$Z$1,0)) -> #N/A | D789: =VLOOKUP($A789,'2025'!$C:$Z,MATCH(D$1,'2025'!$C$1:$Z$1,0)) -> #N/A | E789: =VLOOKUP($A789,'2025'!$C:$Z,MATCH(E$1,'2025'!$C$1:$Z$1,0)) -> #N/A | F789: =VLOOKUP($A789,'2025'!$C:$Z,MATCH(F$1,'2025'!$C$1:$Z$1,0)) -> #N/A
B790: =VLOOKUP($A790,'2025'!$C:$Z,MATCH(B$1,'2025'!$C$1:$Z$1,0)) -> #N/A | C790: =VLOOKUP($A790,'2025'!$C:$Z,MATCH(C$1,'2025'!$C$1:$Z$1,0)) -> #N/A | D790: =VLOOKUP($A790,'2025'!$C:$Z,MATCH(D$1,'2025'!$C$1:$Z$1,0)) -> #N/A | E790: =VLOOKUP($A790,'2025'!$C:$Z,MATCH(E$1,'2025'!$C$1:$Z$1,0)) -> #N/A | F790: =VLOOKUP($A790,'2025'!$C:$Z,MATCH(F$1,'2025'!$C$1:$Z$1,0)) -> #N/A
B791: =VLOOKUP($A791,'2025'!$C:$Z,MATCH(B$1,'2025'!$C$1:$Z$1,0)) -> #N/A | C791: =VLOOKUP($A791,'2025'!$C:$Z,MATCH(C$1,'2025'!$C$1:$Z$1,0)) -> #N/A | D791: =VLOOKUP($A791,'2025'!$C:$Z,MATCH(D$1,'2025'!$C$1:$Z$1,0)) -> #N/A | E791: =VLOOKUP($A791,'2025'!$C:$Z,MATCH(E$1,'2025'!$C$1:$Z$1,0)) -> #N/A | F791: =VLOOKUP($A791,'2025'!$C:$Z,MATCH(F$1,'2025'!$C$1:$Z$1,0)) -> #N/A
B792: =VLOOKUP($A792,'2025'!$C:$Z,MATCH(B$1,'2025'!$C$1:$Z$1,0)) -> #N/A | C792: =VLOOKUP($A792,'2025'!$C:$Z,MATCH(C$1,'2025'!$C$1:$Z$1,0)) -> #N/A | D792: =VLOOKUP($A792,'2025'!$C:$Z,MATCH(D$1,'2025'!$C$1:$Z$1,0)) -> #N/A | E792: =VLOOKUP($A792,'2025'!$C:$Z,MATCH(E$1,'2025'!$C$1:$Z$1,0)) -> #N/A | F792: =VLOOKUP($A792,'2025'!$C:$Z,MATCH(F$1,'2025'!$C$1:$Z$1,0)) -> #N/A
B793: =VLOOKUP($A793,'2025'!$C:$Z,MATCH(B$1,'2025'!$C$1:$Z$1,0)) -> #N/A | C793: =VLOOKUP($A793,'2025'!$C:$Z,MATCH(C$1,'2025'!$C$1:$Z$1,0)) -> #N/A | D793: =VLOOKUP($A793,'2025'!$C:$Z,MATCH(D$1,'2025'!$C$1:$Z$1,0)) -> #N/A | E793: =VLOOKUP($A793,'2025'!$C:$Z,MATCH(E$1,'2025'!$C$1:$Z$1,0)) -> #N/A | F793: =VLOOKUP($A793,'2025'!$C:$Z,MATCH(F$1,'2025'!$C$1:$Z$1,0)) -> #N/A
B794: =VLOOKUP($A794,'2025'!$C:$Z,MATCH(B$1,'2025'!$C$1:$Z$1,0)) -> #N/A | C794: =VLOOKUP($A794,'2025'!$C:$Z,MATCH(C$1,'2025'!$C$1:$Z$1,0)) -> #N/A | D794: =VLOOKUP($A794,'2025'!$C:$Z,MATCH(D$1,'2025'!$C$1:$Z$1,0)) -> #N/A | E794: =VLOOKUP($A794,'2025'!$C:$Z,MATCH(E$1,'2025'!$C$1:$Z$1,0)) -> #N/A | F794: =VLOOKUP($A794,'2025'!$C:$Z,MATCH(F$1,'2025'!$C$1:$Z$1,0)) -> #N/A
... B1104: =VLOOKUP($A1104,'2025'!$C:$Z,MATCH(B$1,'2025'!$C$1:$Z$1,0)) -> #N/A | C1104: =VLOOKUP($A1104,'2025'!$C:$Z,MATCH(C$1,'2025'!$C$1:$Z$1,0)) -> #N/A | D1104: =VLOOKUP($A1104,'2025'!$C:$Z,MATCH(D$1,'2025'!$C$1:$Z$1,0)) -> #N/A | E1104: =VLOOKUP($A1104,'2025'!$C:$Z,MATCH(E$1,'2025'!$C$1:$Z$1,0)) -> #N/A | F1104: =VLOOKUP($A1104,'2025'!$C:$Z,MATCH(F$1,'2025'!$C$1:$Z$1,0)) -> #N/A
B1105: =VLOOKUP(A1105,'2025'!C:D,2) -> #N/A
B1106: =VLOOKUP(A1106,'2025'!C:D,2) -> #N/A
B1107: =VLOOKUP(A1107,'2025'!C:D,2) -> #N/A
B1108: =VLOOKUP(A1108,'2025'!C:D,2) -> #N/A
B1109: =VLOOKUP(A1109,'2025'!C:D,2) -> #N/A
B1110: =VLOOKUP(A1110,'2025'!C:D,2) -> #N/A
B1111: =VLOOKUP(A1111,'2025'!C:D,2) -> #N/A
B1112: =VLOOKUP(A1112,'2025'!C:D,2) -> #N/A
B1113: =VLOOKUP(A1113,'2025'!C:D,2) -> #N/A
B1114: =VLOOKUP(A1114,'2025'!C:D,2) -> #N/A
B1115: =VLOOKUP(A1115,'2025'!C:D,2) -> #N/A
B1116: =VLOOKUP(A1116,'2025'!C:D,2) -> #N/A
... B1345: =VLOOKUP(A1345,'2025'!C:D,2) -> #N/A

Sheet 2024
B1: Tips | C1: Day | D1: Αναστασία | E1: Αυτάπ | F1: Εύα | G1: Γιάννης | H1: Χριστιάνα | I1: Κρίστης | J1: Γκάμπριελ | K1: Τάνια | L1: Μαρίνα | M1: Ανέλια | N1: Ναταλία | O1: Παντελίτσα | P1: Μαρία | Q1: Διομήδης | R1: Αμάντα | S1: Ανθούλα | U1: Ψησταριά
D2: Cook | E2: Cook | F2: Cook | G2: Waiter/pre | H2: Waiter/pre | I2: Waiter/pre | J2: Help | K2: Help | L2: Help | M2: Waiter | N2: Help | O2: Cash | P2: Cash | Q2: Waiter | R2: Waiter/pre | S2: Help | T2: Cook | U2: Cook | V2: Help | W2: Waiter | X2: Waiter/pre | Y2: Cash
A3: =IF( WEEKDAY(C3)=1,1,) | B3: 55 | C3: 45597 | D3: 4 | E3: 4 | F3: 4 | G3: 7 | H3: 6 | J3: 2 | M3: 4 | O3: 7 | Q3: 4 | U3: 0.6 | V3: 0.6 | W3: 0.9 | X3: 1 | Y3: 1
A4: =IF( WEEKDAY(C4)=1,1,) | B4: 65 | C4: 45598 | D4: 4 | E4: 4 | F4: 4 | G4: 7 | H4: 6 | I4: 4 | M4: 3.5 | O4: 3.5 | Q4: 4 | U4: Psistaria
A5: =IF( WEEKDAY(C5)=1,1,) -> 1 | B5: 82 | C5: 45599 | D5: 4 | E5: 4 | F5: 4 | G5: 7 | H5: 6 | I5: 4 | J5: 2 | M5: 4 | O5: 7 | Q5: 4 | U5: 0.02
A6: =IF( WEEKDAY(C6)=1,1,) | D6: Points
A7: =IF( WEEKDAY(C7)=1,1,) | D7: =IFERROR(SUM(D3:D5)*HLOOKUP(D2, $U2:$Y3,2,0),) -> 7.2 | E7: =IFERROR(SUM(E3:E5)*HLOOKUP(E2, $U$2:$Y$3,2,0),) -> 7.2 | F7: =IFERROR(SUM(F3:F5)*HLOOKUP(F2, $U$2:$Y$3,2,0),) -> 7.2 | G7: =IFERROR(SUM(G3:G5)*HLOOKUP(G2, $U$2:$Y$3,2,0),) -> 21 | H7: =IFERROR(SUM(H3:H5)*HLOOKUP(H2, $U$2:$Y$3,2,0),) -> 18 | I7: =IFERROR(SUM(I3:I5)*HLOOKUP(I2, $U$2:$Y$3,2,0),) -> 8 | J7: =IFERROR(SUM(J3:J5)*HLOOKUP(J2, $U$2:$Y$3,2,0),) -> 2.4 | K7: =IFERROR(SUM(K3:K5)*HLOOKUP(K2, $U$2:$Y$3,2,0),) -> 0 | L7: =IFERROR(SUM(L3:L5)*HLOOKUP(L2, $U$2:$Y$3,2,0),) -> 0 | ... T7: =IFERROR(SUM(T3:T5)*HLOOKUP(T2, $U$2:$Y$3,2,0),) -> 0
A8: =IF( WEEKDAY(C8)=1,1,) | D8: Percent of points
A9: =IF( WEEKDAY(C9)=1,1,) | D9: =D7/SUM($D$7:$T$7) -> 0.065663475 | E9: =E7/SUM($D$7:$T$7) -> 0.065663475 | F9: =F7/SUM($D$7:$T$7) -> 0.065663475 | G9: =G7/SUM($D$7:$T$7) -> 0.19151847 | H9: =H7/SUM($D$7:$T$7) -> 0.16415869 | I9: =I7/SUM($D$7:$T$7) -> 0.072959416 | J9: =J7/SUM($D$7:$T$7) -> 0.021887825 | K9: =K7/SUM($D$7:$T$7) -> 0 | ... T9: =T7/SUM($D$7:$T$7) -> 0
A10: =IF( WEEKDAY(C10)=1,1,) | D10: Weekly tips | V10: Total tip
A11: =IF( WEEKDAY(C11)=1,1,) | D11: =(1-$U$5)*D9*SUM($B$3:$B$5) -> 12.998741 | E11: =(1-$U$5)*E9*SUM($B$3:$B$5) -> 12.998741 | F11: =(1-$U$5)*F9*SUM($B$3:$B$5) -> 12.998741 | G11: =(1-$U$5)*G9*SUM($B$3:$B$5) -> 37.912996 | H11: =(1-$U$5)*H9*SUM($B$3:$B$5) -> 32.496854 | I11: =(1-$U$5)*I9*SUM($B$3:$B$5) -> 14.443046 | J11: =(1-$U$5)*J9*SUM($B$3:$B$5) -> 4.3329138 | K11: =(1-$U$5)*K9*SUM($B$3:$B$5) -> 0 | ... Q11: =(1-$U$5)*Q9*SUM($B$3:$B$5) -> 19.498112 | R11: =(1-$U$5)*R9*SUM($B$3:$B$11) -> 0 | S11: =(1-$U$5)*S9*SUM($B$3:$B$11) -> 0 | T11: =(1-$U$5)*T9*SUM($B$3:$B$11) -> 0 | U11: =IF(A5=1, SUM(B3:B5)*$U$5,) -> 4.04 | V11: =SUM(B3:B5) -> 202
A12: =IF( WEEKDAY(C12)=1,1,) | C12: 45600 | U12: =IF(A6=1, SUM(B4:B6)*$U$5,)
A13: =IF( WEEKDAY(C13)=1,1,) | B13: 105 | C13: 45601 | D13: 4 | E13: 4 | F13: 4 | G13: 7 | H13: 6 | J13: 2 | M13: 4 | N13: 1 | O13: 7 | Q13: 4 | U13: =IF(A7=1, SUM(B5:B7)*$U$5,)
A14: =IF( WEEKDAY(C14)=1,1,) | B14: 75 | C14: 45602 | D14: 2 | E14: 4 | F14: 4 | G14: 7 | H14: 6 | I14: 4 | J14: 2 | K14: 2 | L14: 1 | M14: 4 | N14: 1 | O14: 7 | Q14: 4 | U14: =IF(A8=1, SUM(B6:B8)*$U$5,)
A15: =IF( WEEKDAY(C15)=1,1,) | B15: 72 | C15: 45603 | D15: 4 | F15: 4 | G15: 7 | H15: 6 | I15: 4 | J15: 2 | K15: 1 | M15: 4 | O15: 7 | Q15: 4 | U15: =IF(A9=1, SUM(B7:B9)*$U$5,)
A16: =IF( WEEKDAY(C16)=1,1,) | B16: 63 | C16: 45604 | D16: 4 | F16: 4 | G16: 7 | H16: 6 | I16: 4 | J16: 1 | K16: 1 | L16: 1 | M16: 4 | N16: 1 | O16: 7 | Q16: 4 | U16: =IF(A10=1, SUM(B8:B10)*$U$5,)
A17: =IF( WEEKDAY(C17)=1,1,) | B17: 77 | C17: 45605 | D17: 4 | E17: 4 | F17: 4 | G17: 7 | H17: 6 | M17: 5 | N17: 1 | O17: 5 | Q17: 4 | U17: =IF(A11=1, SUM(B9:B11)*$U$5,)
A18: =IF( WEEKDAY(C18)=1,1,) -> 1 | B18: 64 | C18: 45606 | D18: 4 | E18: 4 | F18: 4 | G18: 7 | H18: 6 | I18: 4 | J18: 2 | M18: 5 | P18: 5 | Q18: 4 | U18: =IF(A12=1, SUM(B10:B12)*$U$5,)
A19: =IF( WEEKDAY(C19)=1,1,) | D19: Points | U19: =IF(A13=1, SUM(B11:B13)*$U$5,)
A20: =IF( WEEKDAY(C20)=1,1,) | D20: =IFERROR(SUM(D12:D18)*HLOOKUP(D$2, $U$2:$Y$3,2,0),) -> 13.2 | E20: =IFERROR(SUM(E12:E18)*HLOOKUP(E$2, $U$2:$Y$3,2,0),) -> 9.6 | F20: =IFERROR(SUM(F12:F18)*HLOOKUP(F$2, $U$2:$Y$3,2,0),) -> 14.4 | G20: =IFERROR(SUM(G12:G18)*HLOOKUP(G$2, $U$2:$Y$3,2,0),) -> 42 | H20: =IFERROR(SUM(H12:H18)*HLOOKUP(H$2, $U$2:$Y$3,2,0),) -> 36 | I20: =IFERROR(SUM(I12:I18)*HLOOKUP(I$2, $U$2:$Y$3,2,0),) -> 16 | J20: =IFERROR(SUM(J12:J18)*HLOOKUP(J$2, $U$2:$Y$3,2,0),) -> 5.4 | K20: =IFERROR(SUM(K12:K18)*HLOOKUP(K$2, $U$2:$Y$3,2,0),) -> 2.4 | ... T20: =IFERROR(SUM(T12:T18)*HLOOKUP(T$2, $U$2:$Y$3,2,0),) -> 0 | U20: =IF(A14=1, SUM(B12:B14)*$U$5,)
A21: =IF( WEEKDAY(C21)=1,1,) | D21: Percent of points | U21: =IF(A15=1, SUM(B13:B15)*$U$5,)
A22: =IF( WEEKDAY(C22)=1,1,) | D22: =IFERROR( D20/SUM($D20:$T20),0) -> 0.058510638 | E22: =IFERROR( E20/SUM($D20:$T20),0) -> 0.042553191 | F22: =IFERROR( F20/SUM($D20:$T20),0) -> 0.063829787 | G22: =IFERROR( G20/SUM($D20:$T20),0) -> 0.18617021 | H22: =IFERROR( H20/SUM($D20:$T20),0) -> 0.15957447 | I22: =IFERROR( I20/SUM($D20:$T20),0) -> 0.070921986 | J22: =IFERROR( J20/SUM($D20:$T20),0) -> 0.02393617 | K22: =IFERROR( K20/SUM($D20:$T20),0) -> 0.010638298 | ... T22: =IFERROR( T20/SUM($D20:$T20),0) -> 0 | U22: =IF(A16=1, SUM(B14:B16)*$U$5,)
A23: =IF( WEEKDAY(C23)=1,1,) | D23: Weekly tips | U23: =IF(A17=1, SUM(B15:B17)*$U$5,) | V23: Total tip
A24: =IF( WEEKDAY(C24)=1,1,) | D24: =(1-$U$5)*D22*SUM($B12:$B18) -> 26.147234 | E24: =(1-$U$5)*E22*SUM($B12:$B18) -> 19.01617 | F24: =(1-$U$5)*F22*SUM($B12:$B18) -> 28.524255 | G24: =(1-$U$5)*G22*SUM($B12:$B18) -> 83.195745 | H24: =(1-$U$5)*H22*SUM($B12:$B18) -> 71.310638 | I24: =(1-$U$5)*I22*SUM($B12:$B18) -> 31.693617 | J24: =(1-$U$5)*J22*SUM($B12:$B18) -> 10.696596 | K24: =(1-$U$5)*K22*SUM($B12:$B18) -> 4.7540426 | ... T24: =(1-$U$5)*T22*SUM($B12:$B18) -> 0 | U24: =IF(A18=1, SUM(B12:B18)*$U$5,) -> 9.12 | V24: =SUM(B13:B18) -> 456
A25: =IF( WEEKDAY(C25)=1,1,) | C25: 45607 | U25: =IF(A19=1, SUM(B13:B19)*$U$5,)
A26: =IF( WEEKDAY(C26)=1,1,) | B26: 82 | C26: 45608 | D26: 5 | E26: 5 | F26: 5 | G26: 7 | H26: 6 | I26: 4 | M26: 4 | O26: 6 | Q26: 4 | R26: 2 | S26: 2 | U26: Cook | V26: Help | W26: Waiter | X26: Waiter/pre | Y26: Cash
A27: =IF( WEEKDAY(C27)=1,1,) | B27: 60 | C27: 45609 | D27: 5 | F27: 5 | G27: 7 | H27: 6 | M27: 4 | O27: 7 | Q27: 4 | R27: 2 | S27: 2 | U27: 0.6 | V27: 0.6 | W27: 0.9 | X27: 1 | Y27: 1
A28: =IF( WEEKDAY(C28)=1,1,) | B28: 80 | C28: 45610 | D28: 5 | E28: 5 | F28: 5 | G28: 7 | H28: 6 | I28: 4 | K28: 2 | L28: 2 | M28: 4 | N28: 1 | O28: 7 | R28: 2 | S28: 2 | U28: Psistaria
A29: =IF( WEEKDAY(C29)=1,1,) | B29: 57 | C29: 45611 | D29: 5 | E29: 5 | F29: 5 | G29: 7 | H29: 6 | I29: 3 | K29: 2 | M29: 4 | N29: 1 | O29: 7 | Q29: 4 | R29: 1 | S29: 2 | U29: 0.02
A30: =IF( WEEKDAY(C30)=1,1,) | B30: 85 | C30: 45612 | D30: 5 | E30: 5 | F30: 5 | G30: 7 | H30: 6 | I30: 4 | M30: 5 | O30: 6 | S30: 2
A31: =IF( WEEKDAY(C31)=1,1,) -> 1 | B31: 75 | C31: 45613 | D31: 5 | E31: 5 | F31: 5 | G31: 7 | H31: 6 | L31: 1 | M31: 5 | O31: 7 | P31: 5 | R31: 2 | S31: 2 | U31: =IF(A25=1, SUM(B19:B25)*$U$5,)
A32: =IF( WEEKDAY(C32)=1,1,) | D32: Points | U32: =IF(A26=1, SUM(B20:B26)*$U$5,)
A33: =IF( WEEKDAY(C33)=1,1,) | D33: =IFERROR(SUM(D25:D31)*HLOOKUP(D$2, $U26:$Y27,2,0),) -> 18 | E33: =IFERROR(SUM(E25:E31)*HLOOKUP(E$2, $U26:$Y27,2,0),) -> 15 | F33: =IFERROR(SUM(F25:F31)*HLOOKUP(F$2, $U26:$Y27,2,0),) -> 18 | G33: =IFERROR(SUM(G25:G31)*HLOOKUP(G$2, $U26:$Y27,2,0),) -> 42 | H33: =IFERROR(SUM(H25:H31)*HLOOKUP(H$2, $U26:$Y27,2,0),) -> 36 | I33: =IFERROR(SUM(I25:I31)*HLOOKUP(I$2, $U26:$Y27,2,0),) -> 15 | J33: =IFERROR(SUM(J25:J31)*HLOOKUP(J$2, $U26:$Y27,2,0),) -> 0 | K33: =IFERROR(SUM(K25:K31)*HLOOKUP(K$2, $U26:$Y27,2,0),) -> 2.4 | ... T33: =IFERROR(SUM(T25:T31)*HLOOKUP(T$2, $U26:$Y27,2,0),) -> 0 | U33: =IF(A27=1, SUM(B21:B27)*$U$5,)
A34: =IF( WEEKDAY(C34)=1,1,) | D34: Percent of points | U34: =IF(A28=1, SUM(B22:B28)*$U$5,)
A35: =IF( WEEKDAY(C35)=1,1,) | D35: =IFERROR( D33/SUM($D33:$T33),) -> 0.073529412 | E35: =IFERROR( E33/SUM($D33:$T33),) -> 0.06127451 | F35: =IFERROR( F33/SUM($D33:$T33),) -> 0.073529412 | G35: =IFERROR( G33/SUM($D33:$T33),) -> 0.17156863 | H35: =IFERROR( H33/SUM($D33:$T33),) -> 0.14705882 | I35: =IFERROR( I33/SUM($D33:$T33),) -> 0.06127451 | J35: =IFERROR( J33/SUM($D33:$T33),) -> 0 | K35: =IFERROR( K33/SUM($D33:$T33),) -> 0.0098039216 | ... T35: =IFERROR( T33/SUM($D33:$T33),) -> 0 | U35: =IF(A29=1, SUM(B23:B29)*$U$5,)
A36: =IF( WEEKDAY(C36)=1,1,) | D36: Weekly tips | U36: =IF(A30=1, SUM(B24:B30)*$U$5,) | V36: Total tip
A37: =IF( WEEKDAY(C37)=1,1,) | D37: =IFERROR((1-$U$5)*D35*SUM($B25:$B31),) -> 31.633824 | E37: =(1-$U$5)*E35*SUM($B25:$B31) -> 26.36152 | F37: =(1-$U$5)*F35*SUM($B25:$B31) -> 31.633824 | G37: =(1-$U$5)*G35*SUM($B25:$B31) -> 73.812255 | H37: =(1-$U$5)*H35*SUM($B25:$B31) -> 63.267647 | I37: =(1-$U$5)*I35*SUM($B25:$B31) -> 26.36152 | J37: =(1-$U$5)*J35*SUM($B25:$B31) -> 0 | K37: =(1-$U$5)*K35*SUM($B25:$B31) -> 4.2178431 | L37: =(1-$U$5)*L35*SUM($B25:$B31) -> 3.1633824 | ... T37: =(1-$U$5)*T35*SUM($B25:$B31) -> 0 | U37: =IF(A31=1, SUM(B25:B31)*$U$5,) -> 8.78 | V37: =SUM(B26:B31) -> 439
A38: =IF( WEEKDAY(C38)=1,1,) | C38: 45614 | U38: =IF(A32=1, SUM(B26:B32)*$U$5,)
A39: =IF( WEEKDAY(C39)=1,1,) | B39: 84 | C39: 45615 | D39: 5 | E39: 5 | F39: 5 | G39: 7 | H39: 6 | I39: 4 | K39: 1 | L39: 4 | M39: 4 | N39: 1 | O39: 7 | R39: 2 | S39: 2 | U39: Cook | V39: Help | W39: Waiter | X39: Waiter/pre | Y39: Cash
A40: =IF( WEEKDAY(C40)=1,1,) | B40: 70 | C40: 45616 | D40: 5 | F40: 5 | G40: 7 | H40: 6 | I40: 4 | L40: 4 | M40: 4 | N40: 1 | O40: 7 | R40: 2 | S40: 2 | U40: 0.6 | V40: 0.6 | W40: 0.9 | X40: 1 | Y40: 1
A41: =IF( WEEKDAY(C41)=1,1,) | B41: 39 | C41: 45617 | F41: 7 | G41: 7 | H41: 6 | L41: 4 | M41: 4 | N41: 1 | O41: 7 | S41: 2 | U41: Psistaria
A42: =IF( WEEKDAY(C42)=1,1,) | B42: 56 | C42: 45618 | D42: 5 | E42: 5 | F42: 5 | G42: 7 | H42: 6 | I42: 4 | L42: 4 | M42: 4 | O42: 7 | S42: 2 | U42: 0.02
A43: =IF( WEEKDAY(C43)=1,1,) | B43: 65 | C43: 45619 | D43: 5 | E43: 5 | F43: 5 | G43: 7 | H43: 6 | M43: 5 | N43: 1 | O43: 7 | Q43: 4 | S43: 2 | U43: =IF(A37=1, SUM(B31:B37)*$U$5,)
A44: =IF( WEEKDAY(C44)=1,1,) -> 1 | B44: 51 | C44: 45620 | D44: 5 | E44: 5 | F44: 5 | G44: 7 | L44: 2 | M44: 4 | N44: 2 | P44: 5 | Q44: 4 | R44: 2 | S44: 2 | U44: =IF(A38=1, SUM(B32:B38)*$U$5,)
A45: =IF( WEEKDAY(C45)=1,1,) | D45: Points | U45: =IF(A39=1, SUM(B33:B39)*$U$5,)
A46: =IF( WEEKDAY(C46)=1,1,) | D46: =IFERROR(SUM(D38:D44)*HLOOKUP(D$2, $U39:$Y40,2,0),) -> 15 | E46: =IFERROR(SUM(E38:E44)*HLOOKUP(E$2, $U39:$Y40,2,0),) -> 12 | F46: =IFERROR(SUM(F38:F44)*HLOOKUP(F$2, $U39:$Y40,2,0),) -> 19.2 | G46: =IFERROR(SUM(G38:G44)*HLOOKUP(G$2, $U39:$Y40,2,0),) -> 42 | H46: =IFERROR(SUM(H38:H44)*HLOOKUP(H$2, $U39:$Y40,2,0),) -> 30 | I46: =IFERROR(SUM(I38:I44)*HLOOKUP(I$2, $U39:$Y40,2,0),) -> 12 | J46: =IFERROR(SUM(J38:J44)*HLOOKUP(J$2, $U39:$Y40,2,0),) -> 0 | K46: =IFERROR(SUM(K38:K44)*HLOOKUP(K$2, $U39:$Y40,2,0),) -> 0.6 | ... T46: =IFERROR(SUM(T38:T44)*HLOOKUP(T$2, $U39:$Y40,2,0),) -> 0 | U46: =IF(A40=1, SUM(B34:B40)*$U$5,)
A47: =IF( WEEKDAY(C47)=1,1,) | D47: Percent of points | U47: =IF(A41=1, SUM(B35:B41)*$U$5,)
A48: =IF( WEEKDAY(C48)=1,1,) | D48: =IFERROR( D46/SUM($D46:$T46),0) -> 0.065760631 | E48: =IFERROR( E46/SUM($D46:$T46),0) -> 0.052608505 | F48: =IFERROR( F46/SUM($D46:$T46),0) -> 0.084173608 | G48: =IFERROR( G46/SUM($D46:$T46),0) -> 0.18412977 | H48: =IFERROR( H46/SUM($D46:$T46),0) -> 0.13152126 | I48: =IFERROR( I46/SUM($D46:$T46),0) -> 0.052608505 | J48: =IFERROR( J46/SUM($D46:$T46),0) -> 0 | K48: =IFERROR( K46/SUM($D46:$T46),0) -> 0.0026304253 | ... T48: =IFERROR( T46/SUM($D46:$T46),0) -> 0 | U48: =IF(A42=1, SUM(B36:B42)*$U$5,)
A49: =IF( WEEKDAY(C49)=1,1,) | D49: Weekly tips | U49: =IF(A43=1, SUM(B37:B43)*$U$5,) | V49: Total tip
A50: =IF( WEEKDAY(C50)=1,1,) | D50: =(1-$U$5)*D48*SUM($B38:$B44) -> 23.522578 | E50: =(1-$U$5)*E48*SUM($B38:$B44) -> 18.818062 | F50: =(1-$U$5)*F48*SUM($B38:$B44) -> 30.1089 | G50: =(1-$U$5)*G48*SUM($B38:$B44) -> 65.863218 | H50: =(1-$U$5)*H48*SUM($B38:$B44) -> 47.045156 | I50: =(1-$U$5)*I48*SUM($B38:$B44) -> 18.818062 | J50: =(1-$U$5)*J48*SUM($B38:$B44) -> 0 | K50: =(1-$U$5)*K48*SUM($B38:$B44) -> 0.94090311 | ... T50: =(1-$U$5)*T48*SUM($B38:$B44) -> 0 | U50: =IF(A44=1, SUM(B38:B44)*$U$5,) -> 7.3 | V50: =SUM(B39:B44) -> 365
A51: =IF( WEEKDAY(C51)=1,1,) | C51: 45621 | U51: =IF(A45=1, SUM(B39:B45)*$U$5,)
A52: =IF( WEEKDAY(C52)=1,1,) | B52: 82 | C52: 45622 | D52: 4 | E52: 4 | F52: 4 | G52: 7 | I52: 4 | L52: 4 | M52: 4 | N52: 1 | O52: 7 | R52: 2 | S52: 2 | U52: Cook | V52: Help | W52: Waiter | X52: Waiter/pre | Y52: Cash
A53: =IF( WEEKDAY(C53)=1,1,) | B53: 79 | C53: 45623 | D53: 4 | F53: 4 | G53: 7 | H53: 6 | I53: 4 | L53: 4 | M53: 4 | N53: 1 | O53: 7 | Q53: 2 | R53: 2 | S53: 2 | U53: 0.6 | V53: 0.6 | W53: 0.9 | X53: 1 | Y53: 1
A54: =IF( WEEKDAY(C54)=1,1,) | B54: 113 | C54: 45624 | D54: 4 | E54: 4 | F54: 4 | G54: 7 | H54: 6 | I54: 4 | L54: 4 | M54: 4 | O54: 5 | R54: 2 | S54: 2 | U54: Psistaria
A55: =IF( WEEKDAY(C55)=1,1,) | B55: 37 | C55: 45625 | D55: 4 | E55: 4 | F55: 4 | G55: 7 | H55: 6 | I55: 4 | L55: 4 | M55: 4 | O55: 6 | S55: 2 | U55: 0.02
A56: =IF( WEEKDAY(C56)=1,1,) | B56: 64 | C56: 45626 | D56: 4 | E56: 4 | F56: 4 | G56: 7 | H56: 6 | J56: 1.5 | K56: 1.5 | L56: 4 | M56: 4 | N56: 1.5 | P56: 5 | R56: 2 | S56: 2 | U56: =IF(A50=1, SUM(B44:B50)*$U$5,)
A57: =IF(WEEKDAY(C57)=1,1,) -> 1 | B57: 75 | C57: 45627 | U57: =IF(A51=1, SUM(B45:B51)*$U$5,)
A58: =IF( WEEKDAY(C58)=1,1,) | D58: =IFERROR(SUM(D51:D56)*HLOOKUP(D$2, $U52:$Y53,2,0),) -> 12 | E58: =IFERROR(SUM(E51:E56)*HLOOKUP(E$2, $U52:$Y53,2,0),) -> 9.6 | F58: =IFERROR(SUM(F51:F56)*HLOOKUP(F$2, $U52:$Y53,2,0),) -> 12 | G58: =IFERROR(SUM(G51:G56)*HLOOKUP(G$2, $U52:$Y53,2,0),) -> 35 | H58: =IFERROR(SUM(H51:H56)*HLOOKUP(H$2, $U52:$Y53,2,0),) -> 24 | I58: =IFERROR(SUM(I51:I56)*HLOOKUP(I$2, $U52:$Y53,2,0),) -> 16 | J58: =IFERROR(SUM(J51:J56)*HLOOKUP(J$2, $U52:$Y53,2,0),) -> 0.9 | K58: =IFERROR(SUM(K51:K56)*HLOOKUP(K$2, $U52:$Y53,2,0),) -> 0.9 | ... T58: =IFERROR(SUM(T51:T56)*HLOOKUP(T$2, $U52:$Y53,2,0),) -> 0 | U58: =IF(A52=1, SUM(B46:B52)*$U$5,)
A59: =IF( WEEKDAY(C59)=1,1,) | D59: Percent of points | U59: =IF(A53=1, SUM(B47:B53)*$U$5,)
A60: =IF( WEEKDAY(C60)=1,1,) | U60: =IF(A54=1, SUM(B48:B54)*$U$5,)
A61: =IF( WEEKDAY(C61)=1,1,) | D61: =IFERROR( D58/SUM($D58:$T58),0) -> 0.063728093 | E61: =IFERROR( E58/SUM($D58:$T58),0) -> 0.050982475 | F61: =IFERROR( F58/SUM($D58:$T58),0) -> 0.063728093 | G61: =IFERROR( G58/SUM($D58:$T58),0) -> 0.18587361 | H61: =IFERROR( H58/SUM($D58:$T58),0) -> 0.12745619 | I61: =IFERROR( I58/SUM($D58:$T58),0) -> 0.084970791 | J61: =IFERROR( J58/SUM($D58:$T58),0) -> 0.004779607 | K61: =IFERROR( K58/SUM($D58:$T58),0) -> 0.004779607 | ... T61: =IFERROR( T58/SUM($D58:$T58),0) -> 0 | U61: =IF(A55=1, SUM(B49:B55)*$U$5,)
A62: =IF( WEEKDAY(C62)=1,1,) | D62: Weekly tips | U62: =IF(A56=1, SUM(B50:B56)*$U$5,) | V62: Total tip
D63: =(1-$U$5)*D61*SUM($B51:$B57) -> 28.104089 | E63: =(1-$U$5)*E61*SUM($B51:$B57) -> 22.483271 | F63: =(1-$U$5)*F61*SUM($B51:$B57) -> 28.104089 | G63: =(1-$U$5)*G61*SUM($B51:$B57) -> 81.97026 | H63: =(1-$U$5)*H61*SUM($B51:$B57) -> 56.208178 | I63: =(1-$U$5)*I61*SUM($B51:$B57) -> 37.472119 | J63: =(1-$U$5)*J61*SUM($B51:$B57) -> 2.1078067 | K63: =(1-$U$5)*K61*SUM($B51:$B57) -> 2.1078067 | ... T63: =(1-$U$5)*T61*SUM($B51:$B57) -> 0 | U63: =IF(A57=1, SUM(B51:B57)*$U$5,) -> 9 | V63: =SUM(B52:B57) -> 450
A64: =IF( WEEKDAY(C64)=1,1,) | C64: 45628 | U64: =IF(A58=1, SUM(B52:B58)*$U$5,)
A65: =IF( WEEKDAY(C65)=1,1,) | B65: 40 | C65: 45629 | D65: 4 | F65: 4 | G65: 7 | H65: 6 | I65: 4 | L65: 4 | M65: 4 | O65: 7 | R65: 2 | S65: 2 | U65: Cook | V65: Help | W65: Waiter | X65: Waiter/pre | Y65: Cash
A66: =IF( WEEKDAY(C66)=1,1,) | B66: 61 | C66: 45630 | D66: 4 | E66: 4 | F66: 4 | G66: 7 | H66: 6 | I66: 4 | M66: 4 | O66: 7 | Q66: 4 | R66: 2 | S66: 2 | U66: 0.6 | V66: 0.6 | W66: 0.9 | X66: 1 | Y66: 1
A67: =IF( WEEKDAY(C67)=1,1,) | B67: 60 | C67: 45631 | D67: 6 | F67: 6 | G67: 7 | H67: 6 | M67: 4 | N67: 1 | O67: 7 | Q67: 4 | R67: 2 | U67: Psistaria
A68: =IF( WEEKDAY(C68)=1,1,) | B68: 56 | C68: 45632 | D68: 4 | E68: 4 | F68: 4 | G68: 7 | H68: 6 | K68: 2 | L68: 4 | M68: 4 | N68: 2 | O68: 7 | Q68: 1 | R68: 2 | S68: 2 | U68: 0.03
A69: =IF( WEEKDAY(C69)=1,1,) | B69: 100 | C69: 45633 | D69: 4 | E69: 4 | F69: 4 | G69: 7 | H69: 6 | I69: 4 | L69: 4 | M69: 5 | O69: 7 | S69: 2 | U69: =IF(A63=1, SUM(B57:B63)*$U$5,)
A70: =IF(WEEKDAY(C70)=1,1,) -> 1 | B70: 64 | C70: 45634 | D70: 4 | E70: 4 | F70: 4 | G70: 7 | H70: 6 | I70: 4 | L70: 4 | M70: 4 | O70: 7 | R70: 2 | S70: 2 | U70: =IF(A64=1, SUM(B58:B64)*$U$5,)
A71: =IF(WEEKDAY(C71)=1,1,) | D71: Points | U71: =IF(A65=1, SUM(B59:B65)*$U$5,)
A72: =IF(WEEKDAY(C72)=1,1,) | D72: =IFERROR(SUM(D64:D70)*HLOOKUP(D$2, $U65:$Y66,2,0),) -> 15.6 | E72: =IFERROR(SUM(E64:E70)*HLOOKUP(E$2, $U65:$Y66,2,0),) -> 9.6 | F72: =IFERROR(SUM(F64:F70)*HLOOKUP(F$2, $U65:$Y66,2,0),) -> 15.6 | G72: =IFERROR(SUM(G64:G70)*HLOOKUP(G$2, $U65:$Y66,2,0),) -> 42 | H72: =IFERROR(SUM(H64:H70)*HLOOKUP(H$2, $U65:$Y66,2,0),) -> 36 | I72: =IFERROR(SUM(I64:I70)*HLOOKUP(I$2, $U65:$Y66,2,0),) -> 16 | J72: =IFERROR(SUM(J64:J70)*HLOOKUP(J$2, $U65:$Y66,2,0),) -> 0 | K72: =IFERROR(SUM(K64:K70)*HLOOKUP(K$2, $U65:$Y66,2,0),) -> 1.2 | ... T72: =IFERROR(SUM(T64:T70)*HLOOKUP(T$2, $U65:$Y66,2,0),) -> 0 | U72: =IF(A66=1, SUM(B60:B66)*$U$5,)
A73: =IF(WEEKDAY(C73)=1,1,) | D73: Percent of points | U73: =IF(A67=1, SUM(B61:B67)*$U$5,)
A74: =IF(WEEKDAY(C74)=1,1,) | D74: =IFERROR( D72/SUM($D72:$T72),0) -> 0.066101695 | E74: =IFERROR( E72/SUM($D72:$T72),0) -> 0.040677966 | F74: =IFERROR( F72/SUM($D72:$T72),0) -> 0.066101695 | G74: =IFERROR( G72/SUM($D72:$T72),0) -> 0.1779661 | H74: =IFERROR( H72/SUM($D72:$T72),0) -> 0.15254237 | I74: =IFERROR( I72/SUM($D72:$T72),0) -> 0.06779661 | J74: =IFERROR( J72/SUM($D72:$T72),0) -> 0 | K74: =IFERROR( K72/SUM($D72:$T72),0) -> 0.0050847458 | ... T74: =IFERROR( T72/SUM($D72:$T72),0) -> 0 | U74: =IF(A68=1, SUM(B62:B68)*$U$5,)
A75: =IF(WEEKDAY(C75)=1,1,) | D75: Weekly tips | U75: =IF(A69=1, SUM(B63:B69)*$U$5,) | V75: Total tip
A76: =IF(WEEKDAY(C76)=1,1,) | D76: =MROUND((1-$U68)*D74*SUM($B64:$B70),5) -> 25 | E76: =MROUND((1-$U68)*E74*SUM($B64:$B70),5) -> 15 | F76: =MROUND((1-$U68)*F74*SUM($B64:$B70),5) -> 25 | G76: =MROUND((1-$U68)*G74*SUM($B64:$B70),5) -> 65 | H76: =MROUND((1-$U68)*H74*SUM($B64:$B70),5) -> 55 | I76: =MROUND((1-$U68)*I74*SUM($B64:$B70),5) -> 25 | J76: =MROUND((1-$U68)*J74*SUM($B64:$B70),5) -> 0 | K76: =MROUND((1-$U68)*K74*SUM($B64:$B70),5) -> 0 | ... T76: =MROUND((1-$U68)*T74*SUM($B64:$B70),5) -> 0 | U76: =IF(A70=1, V76-SUM(D76:T76),) -> 11 | V76: =SUM(B65:B70) -> 381
A77: =IF(WEEKDAY(C77)=1,1,) | C77: 45635 | U77: =IF(A71=1, SUM(B65:B71)*$U$5,)
A78: =IF(WEEKDAY(C78)=1,1,) | B78: 82 | C78: 45636 | D78: 4 | E78: 4 | G78: 7 | H78: 6.5 | I78: 4 | L78: 4 | M78: 2 | O78: 7 | Q78: 2 | R78: 2 | S78: 2 | U78: Cook | V78: Help | W78: Waiter | X78: Waiter/pre | Y78: Cash
A79: =IF(WEEKDAY(C79)=1,1,) | B79: 63 | C79: 45637 | D79: 4 | E79: 4 | F79: 4 | G79: 7 | H79: 6 | I79: 4 | K79: 1 | L79: 4 | M79: 4 | O79: 7 | Q79: 2 | R79: 2 | S79: 2 | U79: 0.6 | V79: 0.6 | W79: 0.9 | X79: 1 | Y79: 1
A80: =IF(WEEKDAY(C80)=1,1,) | B80: 77 | C80: 45638 | D80: 4 | E80: 4 | F80: 4 | G80: 7 | H80: 6 | I80: 4 | K80: 1 | L80: 4 | M80: 4 | N80: 1 | O80: 7 | Q80: 2 | R80: 2 | S80: 2 | U80: Psistaria
A81: =IF(WEEKDAY(C81)=1,1,) | B81: 62 | C81: 45639 | D81: 4 | E81: 4 | F81: 4 | G81: 7 | H81: 6 | L81: 4 | M81: 4 | O81: 7 | Q81: 3 | R81: 2 | S81: 2 | U81: 0.02
A82: =IF(WEEKDAY(C82)=1,1,) | B82: 72 | C82: 45640 | D82: 4 | E82: 4 | F82: 4 | G82: 7 | H82: 6 | I82: 4 | L82: 3 | M82: 4 | O82: 7 | Q82: 1 | S82: 2 | U82: =IF(A76=1, SUM(B70:B76)*$U$5,)
A83: =IF(WEEKDAY(C83)=1,1,) -> 1 | B83: 38 | C83: 45641 | D83: 4 | E83: 4 | F83: 4 | G83: 7 | H83: 6 | I83: 4 | K83: 1 | L83: 4 | M83: 3 | N83: 1 | P83: 5 | S83: 2 | U83: =IF(A77=1, SUM(B71:B77)*$U$5,)
A84: =IF(WEEKDAY(C84)=1,1,) | D84: Points | U84: =IF(A78=1, SUM(B72:B78)*$U$5,)
A85: =IF(WEEKDAY(C85)=1,1,) | D85: =IFERROR(SUM(D77:D83)*HLOOKUP(D$2, $U78:$Y79,2,0),) -> 14.4 | E85: =IFERROR(SUM(E77:E83)*HLOOKUP(E$2, $U78:$Y79,2,0),) -> 14.4 | F85: =IFERROR(SUM(F77:F83)*HLOOKUP(F$2, $U78:$Y79,2,0),) -> 12 | G85: =IFERROR(SUM(G77:G83)*HLOOKUP(G$2, $U78:$Y79,2,0),) -> 42 | H85: =IFERROR(SUM(H77:H83)*HLOOKUP(H$2, $U78:$Y79,2,0),) -> 36.5 | I85: =IFERROR(SUM(I77:I83)*HLOOKUP(I$2, $U78:$Y79,2,0),) -> 20 | J85: =IFERROR(SUM(J77:J83)*HLOOKUP(J$2, $U78:$Y79,2,0),) -> 0 | K85: =IFERROR(SUM(K77:K83)*HLOOKUP(K$2, $U78:$Y79,2,0),) -> 1.8 | L85: =IFERROR(SUM(L77:L83)*HLOOKUP(L$2, $U78:$Y79,2,0),) -> 13.8 | M85: =IFERROR(SUM(M77:M82)*HLOOKUP(M$2, $U78:$Y79,2,0),) -> 16.2 | N85: =IFERROR(SUM(N77:N83)*HLOOKUP(N$2, $U78:$Y79,2,0),) -> 1.2 | O85: =IFERROR(SUM(O77:O83)*HLOOKUP(O$2, $U78:$Y79,2,0),) -> 35 | P85: =IFERROR(SUM(P77:P83)*HLOOKUP(P$2, $U78:$Y79,2,0),) -> 5 | Q85: =IFERROR(SUM(Q77:Q83)*HLOOKUP(Q$2, $U78:$Y79,2,0),) -> 9 | R85: =IFERROR(SUM(R77:R83)*HLOOKUP(R$2, $U78:$Y79,2,0),) -> 8 | S85: =IFERROR(SUM(S77:S83)*HLOOKUP(S$2, $U78:$Y79,2,0),) -> 7.2 | T85: =IFERROR(SUM(T77:T83)*HLOOKUP(T$2, $U78:$Y79,2,0),) -> 0 | U85: =IF(A79=1, SUM(B73:B79)*$U$5,)
A86: =IF(WEEKDAY(C86)=1,1,) | D86: Percent of points | U86: =IF(A80=1, SUM(B74:B80)*$U$5,)
A87: =IF(WEEKDAY(C87)=1,1,) | D87: =IFERROR( D85/SUM($D85:$T85),0) -> 0.060887949 | E87: =IFERROR( E85/SUM($D85:$T85),0) -> 0.060887949 | F87: =IFERROR( F85/SUM($D85:$T85),0) -> 0.050739958 | G87: =IFERROR( G85/SUM($D85:$T85),0) -> 0.17758985 | H87: =IFERROR( H85/SUM($D85:$T85),0) -> 0.15433404 | I87: =IFERROR( I85/SUM($D85:$T85),0) -> 0.084566596 | J87: =IFERROR( J85/SUM($D85:$T85),0) -> 0 | K87: =IFERROR( K85/SUM($D85:$T85),0) -> 0.0076109937 | ... T87: =IFERROR( T85/SUM($D85:$T85),0) -> 0 | U87: =IF(A81=1, SUM(B75:B81)*$U$5,)
A88: =IF(WEEKDAY(C88)=1,1,) | D88: Weekly tips | U88: =IF(A82=1, SUM(B76:B82)*$U$5,) | V88: Total tip
A89: =IF(WEEKDAY(C89)=1,1,) | D89: =MROUND((1-$U81)*D87*SUM($B77:$B83),5) -> 25 | E89: =MROUND((1-$U81)*E87*SUM($B77:$B83),5) -> 25 | F89: =MROUND((1-$U81)*F87*SUM($B77:$B83),5) -> 20 | G89: =MROUND((1-$U81)*G87*SUM($B77:$B83),5) -> 70 | H89: =MROUND((1-$U81)*H87*SUM($B77:$B83),5) -> 60 | I89: =MROUND((1-$U81)*I87*SUM($B77:$B83),5) -> 35 | J89: =MROUND((1-$U81)*J87*SUM($B77:$B83),5) -> 0 | K89: =MROUND((1-$U81)*K87*SUM($B77:$B83),5) -> 5 | ... T89: =MROUND((1-$U81)*T87*SUM($B77:$B83),5) -> 0 | U89: =IF(A83=1, V89-SUM(D89:T89),) -> -1 | V89: =SUM(B78:B83) -> 394
A90: =IF(WEEKDAY(C90)=1,1,) | C90: 45642 | U90: =IF(A84=1, SUM(B78:B84)*$U$5,)
A91: =IF(WEEKDAY(C91)=1,1,) | B91: 88 | C91: 45643 | D91: 4 | E91: 4 | F91: 4 | G91: 7 | H91: 6 | I91: 4 | L91: 4 | M91: 4 | O91: 7 | R91: 2 | S91: 2 | U91: Cook | V91: Help | W91: Waiter | X91: Waiter/pre | Y91: Cash
A92: =IF(WEEKDAY(C92)=1,1,) | B92: 75 | C92: 45644 | D92: 4 | E92: 4 | F92: 4 | G92: 7 | H92: 6 | I92: 4 | L92: 4 | M92: 4 | O92: 7 | Q92: 3 | R92: 2 | S92: 2 | U92: 0.6 | V92: 0.6 | W92: 0.9 | X92: 1 | Y92: 1
A93: =IF(WEEKDAY(C93)=1,1,) | B93: 95 | C93: 45645 | D93: 4 | F93: 4 | G93: 7 | H93: 6 | I93: 4 | L93: 3 | M93: 4 | O93: 7 | Q93: 2 | R93: 2 | S93: 2 | U93: Psistaria
A94: =IF(WEEKDAY(C94)=1,1,) | B94: 74 | C94: 45646 | D94: 4 | E94: 4 | F94: 4 | G94: 7 | H94: 6 | I94: 4 | L94: 3 | M94: 2 | O94: 7 | Q94: 1 | R94: 2 | S94: 2 | U94: 0.02
A95: =IF(WEEKDAY(C95)=1,1,) | B95: 79 | C95: 45647 | D95: 4 | E95: 4 | F95: 4 | G95: 7 | H95: 6 | I95: 4 | L95: 4 | M95: 4 | O95: 7 | Q95: 2 | S95: 2 | U95: =IF(A89=1, SUM(B83:B89)*$U$5,)
A96: =IF(WEEKDAY(C96)=1,1,) -> 1 | C96: 45648 | U96: =IF(A90=1, SUM(B84:B90)*$U$5,)
A97: =IF(WEEKDAY(C97)=1,1,) | D97: Points | U97: =IF(A91=1, SUM(B85:B91)*$U$5,)
A98: =IF(WEEKDAY(C98)=1,1,) | D98: =IFERROR(SUM(D90:D96)*HLOOKUP(D$2, $U91:$Y92,2,0),) -> 12 | E98: =IFERROR(SUM(E90:E96)*HLOOKUP(E$2, $U91:$Y92,2,0),) -> 9.6 | F98: =IFERROR(SUM(F90:F96)*HLOOKUP(F$2, $U91:$Y92,2,0),) -> 12 | G98: =IFERROR(SUM(G90:G96)*HLOOKUP(G$2, $U91:$Y92,2,0),) -> 35 | H98: =IFERROR(SUM(H90:H96)*HLOOKUP(H$2, $U91:$Y92,2,0),) -> 30 | I98: =IFERROR(SUM(I90:I96)*HLOOKUP(I$2, $U91:$Y92,2,0),) -> 20 | J98: =IFERROR(SUM(J90:J96)*HLOOKUP(J$2, $U91:$Y92,2,0),) -> 0 | K98: =IFERROR(SUM(K90:K96)*HLOOKUP(K$2, $U91:$Y92,2,0),) -> 0 | ... T98: =IFERROR(SUM(T90:T96)*HLOOKUP(T$2, $U91:$Y92,2,0),) -> 0 | U98: =IF(A92=1, SUM(B86:B92)*$U$5,)
A99: =IF(WEEKDAY(C99)=1,1,) | D99: Percent of points | U99: =IF(A93=1, SUM(B87:B93)*$U$5,)
A100: =IF(WEEKDAY(C100)=1,1,) | D100: =IFERROR( D98/SUM($D98:$T98),0) -> 0.059464817 | E100: =IFERROR( E98/SUM($D98:$T98),0) -> 0.047571853 | F100: =IFERROR( F98/SUM($D98:$T98),0) -> 0.059464817 | G100: =IFERROR( G98/SUM($D98:$T98),0) -> 0.17343905 | H100: =IFERROR( H98/SUM($D98:$T98),0) -> 0.14866204 | I100: =IFERROR( I98/SUM($D98:$T98),0) -> 0.099108028 | J100: =IFERROR( J98/SUM($D98:$T98),0) -> 0 | K100: =IFERROR( K98/SUM($D98:$T98),0) -> 0 | ... T100: =IFERROR( T98/SUM($D98:$T98),0) -> 0 | U100: =IF(A94=1, SUM(B88:B94)*$U$5,)
...

Sheet 2025
B1: Tips | C1: Day | D1: Αναστασία | E1: Αυτάπ | F1: Εύα | G1: Γιάννης | H1: Χριστιάνα | I1: Κρίστης | J1: Ανέλια | K1: Αμάντα | L1: Διομήδης | M1: Παντελίτσα | N1: Μαρία | O1: Τάνια | P1: Ραζβάν | Q1: Σάντρα | S1: Μυρτώ | T1: Κρεμένα | U1: Ψησταριά
A2: =IFERROR( IF( WEEKDAY(C2)=1,1,),) | D2: Cook | E2: Cook | F2: Cook | G2: Waiter/pre | H2: Waiter/pre | I2: Waiter | J2: Waiter/pre | K2: Waiter/pre | L2: Waiter | M2: Cash | N2: Cash | O2: Help | P2: Help | Q2: Help | R2: Waiter/pre | S2: Waiter | T2: Waiter | U2: Cook | V2: Help | W2: Waiter | X2: Waiter/pre | Y2: Cash
A3: =IFERROR( IF( WEEKDAY(C3)=1,1,),) | C3: =DATE(2025,1,1) -> 45658 | U3: 0.6 | V3: 0.6 | W3: 0.9 | X3: 1 | Y3: 1
A4: =IFERROR( IF( WEEKDAY(C4)=1,1,),) | C4: =C3+1 -> 45659 | U4: Psistaria
A5: =IFERROR( IF( WEEKDAY(C5)=1,1,),) | C5: =C4+1 -> 45660 | U5: 0.02
A6: =IFERROR( IF( WEEKDAY(C6)=1,1,),) | C6: =C5+1 -> 45661
A7: =IFERROR( IF( WEEKDAY(C7)=1,1,),) -> 1 | C7: =C6+1 -> 45662
A8: =IFERROR( IF( WEEKDAY(C8)=1,1,),) | C8: Points | D8: =IFERROR(SUM(D3:D7)*HLOOKUP(D2, $U2:$Y3,2,0),) -> 0 | E8: =IFERROR(SUM(E3:E7)*HLOOKUP(E2, $U2:$Y3,2,0),) -> 0 | F8: =IFERROR(SUM(F3:F7)*HLOOKUP(F2, $U2:$Y3,2,0),) -> 0 | G8: =IFERROR(SUM(G3:G7)*HLOOKUP(G2, $U2:$Y3,2,0),) -> 0 | H8: =IFERROR(SUM(H3:H7)*HLOOKUP(H2, $U2:$Y3,2,0),) -> 0 | I8: =IFERROR(SUM(I3:I7)*HLOOKUP(I2, $U2:$Y3,2,0),) -> 0 | J8: =IFERROR(SUM(J3:J7)*HLOOKUP(J2, $U2:$Y3,2,0),) -> 0 | K8: =IFERROR(SUM(K3:K7)*HLOOKUP(K2, $U2:$Y3,2,0),) -> 0 | ... T8: =IFERROR(SUM(T3:T7)*HLOOKUP(T2, $U2:$Y3,2,0),) -> 0
A9: =IFERROR( IF( WEEKDAY(C9)=1,1,),) | C9: % off points | D9: =IFERROR(D8/SUM($D$8:$T$8),0) -> 0 | E9: =IFERROR(E8/SUM($D$8:$T$8),0) -> 0 | F9: =IFERROR(F8/SUM($D$8:$T$8),0) -> 0 | G9: =IFERROR(G8/SUM($D$8:$T$8),0) -> 0 | H9: =IFERROR(H8/SUM($D$8:$T$8),0) -> 0 | I9: =IFERROR(I8/SUM($D$8:$T$8),0) -> 0 | J9: =IFERROR(J8/SUM($D$8:$T$8),0) -> 0 | K9: =IFERROR(K8/SUM($D$8:$T$8),0) -> 0 | ... T9: =IFERROR(T8/SUM($D$8:$T$8),0) -> 0 | U9: Praktiko | V9: Total tip | W9: Theoritiko
A10: =IFERROR( IF( WEEKDAY(C10)=1,1,),) | C10: Weekly tips | D10: =MROUND((1-$U$5)*D9*SUM($B$3:$B$5),5) -> 0 | E10: =MROUND((1-$U$5)*E9*SUM($B$3:$B$5),5) -> 0 | F10: =MROUND((1-$U$5)*F9*SUM($B$3:$B$5),5) -> 0 | G10: =MROUND((1-$U$5)*G9*SUM($B$3:$B$5),5) -> 0 | H10: =MROUND((1-$U$5)*H9*SUM($B$3:$B$5),5) -> 0 | I10: =MROUND((1-$U$5)*I9*SUM($B$3:$B$5),5) -> 0 | J10: =MROUND((1-$U$5)*J9*SUM($B$3:$B$5),5) -> 0 | K10: =MROUND((1-$U$5)*K9*SUM($B$3:$B$5),5) -> 0 | ... T10: =MROUND((1-$U$5)*T9*SUM($B$3:$B$5),5) -> 0 | U10: =V10-SUM(D10:T10) -> 0 | V10: =SUM(B2:B7) -> 0 | W10: =IF(A7=1, SUM(B2:B7)*$U6,) -> 0
A11: =IFERROR( IF( WEEKDAY(C11)=1,1,),) | B11: 60 | C11: =C7+2 -> 45664 | D11: 4 | E11: 4 | F11: 4 | G11: 7 | H11: 6 | K11: 2 | L11: 4 | M11: 4 | O11: 7 | Q11: 1 | R11: 2 | S11: 2
A12: =IFERROR( IF( WEEKDAY(C12)=1,1,),) | B12: 50 | C12: =C11+1 -> 45665 | D12: 4 | E12: 4 | F12: 4 | G12: 7 | H12: 6 | L12: 4 | M12: 4 | O12: 7 | Q12: 1 | R12: 2 | S12: 2 | U12: Cook | V12: Help | W12: Waiter | X12: Waiter/pre | Y12: Cash
A13: =IFERROR( IF( WEEKDAY(C13)=1,1,),) | B13: 75 | C13: =C12+1 -> 45666 | D13: 4 | E13: 4 | F13: 5 | G13: 7 | H13: 6 | I13: 4 | K13: 2 | M13: 4 | O13: 7 | Q13: 2 | R13: 2 | U13: 0.6 | V13: 0.6 | W13: 0.9 | X13: 1 | Y13: 1
A14: =IFERROR( IF( WEEKDAY(C14)=1,1,),) | B14: 105 | C14: =C13+1 -> 45667 | D14: 4 | E14: 4 | F14: 5 | G14: 7 | H14: 6 | I14: 4 | L14: 4 | M14: 4 | O14: 7 | Q14: 2 | R14: 2 | U14: Psistaria
A15: =IFERROR( IF( WEEKDAY(C15)=1,1,),) | B15: 76 | C15: =C14+1 -> 45668 | D15: 4 | E15: 4 | F15: 5 | G15: 7 | H15: 6 | I15: 4 | L15: 4 | M15: 4 | O15: 7 | U15: 0.02
A16: =IFERROR( IF( WEEKDAY(C16)=1,1,),) -> 1 | B16: 113 | C16: =C15+1 -> 45669 | D16: 4 | E16: 4 | F16: 5 | G16: 7 | H16: 6 | L16: 4 | M16: 4 | O16: 7 | R16: 2
A17: =IFERROR( IF( WEEKDAY(C17)=1,1,),) | C17: Points | D17: =IFERROR(SUM(D11:D16)*HLOOKUP(D$2, $U12:$Y13,2,0),) -> 14.4 | E17: =IFERROR(SUM(E11:E16)*HLOOKUP(E$2, $U12:$Y13,2,0),) -> 14.4 | F17: =IFERROR(SUM(F11:F16)*HLOOKUP(F$2, $U12:$Y13,2,0),) -> 16.8 | G17: =IFERROR(SUM(G11:G16)*HLOOKUP(G$2, $U12:$Y13,2,0),) -> 42 | H17: =IFERROR(SUM(H11:H16)*HLOOKUP(H$2, $U12:$Y13,2,0),) -> 36 | I17: =IFERROR(SUM(I11:I16)*HLOOKUP(I$2, $U12:$Y13,2,0),) -> 10.8 | J17: =IFERROR(SUM(J11:J16)*HLOOKUP(J$2, $U12:$Y13,2,0),) -> 0 | K17: =IFERROR(SUM(K11:K16)*HLOOKUP(K$2, $U12:$Y13,2,0),) -> 4 | ... T17: =IFERROR(SUM(T11:T16)*HLOOKUP(T$2, $U12:$Y13,2,0),) -> 0 | U17: =IF(A12=1, SUM(B11:B12)*$U$5,)
A18: =IFERROR( IF( WEEKDAY(C18)=1,1,),) | C18: % off points | D18: =IFERROR( D17/SUM($D17:$T17),0) -> 0.064631957 | E18: =IFERROR( E17/SUM($D17:$T17),0) -> 0.064631957 | F18: =IFERROR( F17/SUM($D17:$T17),0) -> 0.07540395 | G18: =IFERROR( G17/SUM($D17:$T17),0) -> 0.18850987 | H18: =IFERROR( H17/SUM($D17:$T17),0) -> 0.16157989 | I18: =IFERROR( I17/SUM($D17:$T17),0) -> 0.048473968 | J18: =IFERROR( J17/SUM($D17:$T17),0) -> 0 | K18: =IFERROR( K17/SUM($D17:$T17),0) -> 0.017953321 | ... T18: =IFERROR( T17/SUM($D17:$T17),0) -> 0 | U18: Praktiko | V18: Total tip | W18: Theoritiko
A19: =IFERROR( IF( WEEKDAY(C19)=1,1,),) | C19: Weekly tips | D19: =MROUND((1-$U15)*D18*SUM($B11:$B16),5) -> 30 | E19: =MROUND((1-$U15)*E18*SUM($B11:$B16),5) -> 30 | F19: =MROUND((1-$U15)*F18*SUM($B11:$B16),5) -> 35 | G19: =MROUND((1-$U15)*G18*SUM($B11:$B16),5) -> 90 | H19: =MROUND((1-$U15)*H18*SUM($B11:$B16),5) -> 75 | I19: =MROUND((1-$U15)*I18*SUM($B11:$B16),5) -> 25 | J19: =MROUND((1-$U15)*J18*SUM($B11:$B16),5) -> 0 | K19: =MROUND((1-$U15)*K18*SUM($B11:$B16),5) -> 10 | ... T19: =MROUND((1-$U15)*T18*SUM($B11:$B16),5) -> 0 | U19: =V19-SUM(D19:T19) -> -1 | V19: =SUM(B11:B16) -> 479 | W19: =IF(A16=1, SUM(B11:B16)*$U15,) -> 9.58
A20: =IFERROR( IF( WEEKDAY(C20)=1,1,),) | B20: 58 | C20: =C16+2 -> 45671 | D20: 5 | E20: 5 | F20: 6 | G20: 7 | H20: 6 | M20: 4 | O20: 7 | P20: 1 | Q20: 2 | R20: 2
A21: =IFERROR( IF( WEEKDAY(C21)=1,1,),) | B21: 95 | C21: =C20+1 -> 45672 | D21: 5 | E21: 5 | F21: 6 | G21: 7 | H21: 6 | K21: 2 | M21: 4 | O21: 7 | P21: 2 | Q21: 3 | R21: 2 | U21: Cook | V21: Help | W21: Waiter | X21: Waiter/pre | Y21: Cash
A22: =IFERROR( IF( WEEKDAY(C22)=1,1,),) | B22: 70 | C22: =C21+1 -> 45673 | D22: 5 | E22: 5 | F22: 6 | G22: 7 | H22: 6 | I22: 4 | L22: 4 | M22: 4 | O22: 7 | Q22: 2 | R22: 2 | U22: 0.6 | V22: 0.6 | W22: 0.9 | X22: 1 | Y22: 1
A23: =IFERROR( IF( WEEKDAY(C23)=1,1,),) | B23: 105 | C23: =C22+1 -> 45674 | D23: 5 | E23: 5 | F23: 6 | G23: 7 | H23: 6 | I23: 4 | L23: 4 | M23: 4 | O23: 7 | Q23: 2 | R23: 2 | U23: Psistaria
A24: =IFERROR( IF( WEEKDAY(C24)=1,1,),) | B24: 75 | C24: =C23+1 -> 45675 | D24: 5 | E24: 5 | F24: 6 | G24: 7 | H24: 6 | I24: 4 | L24: 4 | M24: 4 | O24: 7 | U24: 0.04
A25: =IFERROR( IF( WEEKDAY(C25)=1,1,),) -> 1 | B25: 70 | C25: =C24+1 -> 45676 | D25: 5 | E25: 5 | F25: 6 | G25: 7 | H25: 6 | I25: 4 | L25: 4 | M25: 4 | P25: 6 | Q25: 2 | R25: 2
A26: =IFERROR( IF( WEEKDAY(C26)=1,1,),) | C26: Points | D26: =IFERROR(SUM(D20:D25)*HLOOKUP(D$2, $U21:$Y22,2,0),) -> 18 | E26: =IFERROR(SUM(E20:E25)*HLOOKUP(E$2, $U21:$Y22,2,0),) -> 18 | F26: =IFERROR(SUM(F20:F25)*HLOOKUP(F$2, $U21:$Y22,2,0),) -> 21.6 | G26: =IFERROR(SUM(G20:G25)*HLOOKUP(G$2, $U21:$Y22,2,0),) -> 42 | H26: =IFERROR(SUM(H20:H25)*HLOOKUP(H$2, $U21:$Y22,2,0),) -> 36 | I26: =IFERROR(SUM(I20:I25)*HLOOKUP(I$2, $U21:$Y22,2,0),) -> 14.4 | J26: =IFERROR(SUM(J20:J25)*HLOOKUP(J$2, $U21:$Y22,2,0),) -> 0 | K26: =IFERROR(SUM(K20:K25)*HLOOKUP(K$2, $U21:$Y22,2,0),) -> 2 | ... T26: =IFERROR(SUM(T20:T25)*HLOOKUP(T$2, $U21:$Y22,2,0),) -> 0 | U26: =IF(A21=1, SUM(B20:B21)*$U$5,)
A27: =IFERROR( IF( WEEKDAY(C27)=1,1,),) | C27: % off points | D27: =IFERROR( D26/SUM($D26:$T26),0) -> 0.077120823 | E27: =IFERROR( E26/SUM($D26:$T26),0) -> 0.077120823 | F27: =IFERROR( F26/SUM($D26:$T26),0) -> 0.092544987 | G27: =IFERROR( G26/SUM($D26:$T26),0) -> 0.17994859 | H27: =IFERROR( H26/SUM($D26:$T26),0) -> 0.15424165 | I27: =IFERROR( I26/SUM($D26:$T26),0) -> 0.061696658 | J27: =IFERROR( J26/SUM($D26:$T26),0) -> 0 | K27: =IFERROR( K26/SUM($D26:$T26),0) -> 0.0085689803 | ... T27: =IFERROR( T26/SUM($D26:$T26),0) -> 0 | U27: Praktiko | V27: Total tip | W27: Theoritiko
A28: =IFERROR( IF( WEEKDAY(C28)=1,1,),) | C28: Weekly tips | D28: =MROUND((1-$U24)*D27*SUM($B20:$B25),5) -> 35 | E28: =MROUND((1-$U24)*E27*SUM($B20:$B25),5) -> 35 | F28: =MROUND((1-$U24)*F27*SUM($B20:$B25),5) -> 40 | G28: =MROUND((1-$U24)*G27*SUM($B20:$B25),5) -> 80 | H28: =MROUND((1-$U24)*H27*SUM($B20:$B25),5) -> 70 | I28: =MROUND((1-$U24)*I27*SUM($B20:$B25),5) -> 30 | J28: =MROUND((1-$U24)*J27*SUM($B20:$B25),5) -> 0 | K28: =MROUND((1-$U24)*K27*SUM($B20:$B25),5) -> 5 | ... T28: =MROUND((1-$U24)*T27*SUM($B20:$B25),5) -> 0 | U28: =V28-SUM(D28:T28) -> 18 | V28: =SUM(B20:B25) -> 473 | W28: =IF(A25=1, SUM(B20:B25)*$U24,) -> 18.92
A29: =IFERROR( IF( WEEKDAY(C29)=1,1,),) | B29: 75 | C29: =C25+2 -> 45678 | D29: 5 | E29: 5 | F29: 6 | G29: 7 | H29: 6 | I29: 4 | L29: 4 | M29: 4 | O29: 7 | Q29: 3 | R29: 2
A30: =IFERROR( IF( WEEKDAY(C30)=1,1,),) | B30: 47 | C30: =C29+1 -> 45679 | D30: 5 | F30: 6 | G30: 7 | H30: 6 | L30: 4 | M30: 4 | O30: 7 | Q30: 2 | R30: 2 | U30: Cook | V30: Help | W30: Waiter | X30: Waiter/pre | Y30: Cash
A31: =IFERROR( IF( WEEKDAY(C31)=1,1,),) | B31: 74 | C31: =C30+1 -> 45680 | D31: 5 | E31: 5 | F31: 6 | G31: 7 | H31: 6 | I31: 4 | L31: 4 | M31: 4 | O31: 7 | Q31: 3 | R31: 2 | U31: 0.6 | V31: 0.6 | W31: 0.9 | X31: 1 | Y31: 1
A32: =IFERROR( IF( WEEKDAY(C32)=1,1,),) | B32: 116 | C32: =C31+1 -> 45681 | D32: 5 | F32: 6 | G32: 7 | H32: 6 | L32: 4 | M32: 4 | O32: 7 | Q32: 4 | R32: 2 | U32: Psistaria
A33: =IFERROR( IF( WEEKDAY(C33)=1,1,),) | B33: 86 | C33: =C32+1 -> 45682 | D33: 5 | E33: 5 | F33: 6 | G33: 7 | H33: 6 | I33: 4 | L33: 4 | M33: 4 | O33: 7 | P33: 2 | U33: 0.04
A34: =IFERROR( IF( WEEKDAY(C34)=1,1,),) -> 1 | B34: 103 | C34: =C33+1 -> 45683 | D34: 5 | E34: 5 | F34: 6 | G34: 7 | H34: 6 | I34: 4 | L34: 4 | M34: 4 | P34: 6 | Q34: 4 | R34: 2
A35: =IFERROR( IF( WEEKDAY(C35)=1,1,),) | C35: Points | D35: =IFERROR(SUM(D29:D34)*HLOOKUP(D$2, $U30:$Y31,2,0),) -> 18 | E35: =IFERROR(SUM(E29:E34)*HLOOKUP(E$2, $U30:$Y31,2,0),) -> 12 | F35: =IFERROR(SUM(F29:F34)*HLOOKUP(F$2, $U30:$Y31,2,0),) -> 21.6 | G35: =IFERROR(SUM(G29:G34)*HLOOKUP(G$2, $U30:$Y31,2,0),) -> 42 | H35: =IFERROR(SUM(H29:H34)*HLOOKUP(H$2, $U30:$Y31,2,0),) -> 36 | I35: =IFERROR(SUM(I29:I34)*HLOOKUP(I$2, $U30:$Y31,2,0),) -> 14.4 | J35: =IFERROR(SUM(J29:J34)*HLOOKUP(J$2, $U30:$Y31,2,0),) -> 0 | K35: =IFERROR(SUM(K29:K34)*HLOOKUP(K$2, $U30:$Y31,2,0),) -> 0 | ... T35: =IFERROR(SUM(T29:T34)*HLOOKUP(T$2, $U30:$Y31,2,0),) -> 0 | U35: =IF(A30=1, SUM(B29:B30)*$U$5,)
A36: =IFERROR( IF( WEEKDAY(C36)=1,1,),) | C36: % off points | D36: =IFERROR( D35/SUM($D35:$T35),0) -> 0.076595745 | E36: =IFERROR( E35/SUM($D35:$T35),0) -> 0.05106383 | F36: =IFERROR( F35/SUM($D35:$T35),0) -> 0.091914894 | G36: =IFERROR( G35/SUM($D35:$T35),0) -> 0.1787234 | H36: =IFERROR( H35/SUM($D35:$T35),0) -> 0.15319149 | I36: =IFERROR( I35/SUM($D35:$T35),0) -> 0.061276596 | J36: =IFERROR( J35/SUM($D35:$T35),0) -> 0 | K36: =IFERROR( K35/SUM($D35:$T35),0) -> 0 | ... T36: =IFERROR( T35/SUM($D35:$T35),0) -> 0 | U36: Praktiko | V36: Total tip | W36: Theoritiko
A37: =IFERROR( IF( WEEKDAY(C37)=1,1,),) | C37: Weekly tips | D37: =MROUND((1-$U33)*D36*SUM($B29:$B34),5) -> 35 | E37: =MROUND((1-$U33)*E36*SUM($B29:$B34),5) -> 25 | F37: =MROUND((1-$U33)*F36*SUM($B29:$B34),5) -> 45 | G37: =MROUND((1-$U33)*G36*SUM($B29:$B34),5) -> 85 | H37: =MROUND((1-$U33)*H36*SUM($B29:$B34),5) -> 75 | I37: =MROUND((1-$U33)*I36*SUM($B29:$B34),5) -> 30 | J37: =MROUND((1-$U33)*J36*SUM($B29:$B34),5) -> 0 | K37: =MROUND((1-$U33)*K36*SUM($B29:$B34),5) -> 0 | ... T37: =MROUND((1-$U33)*T36*SUM($B29:$B34),5) -> 0 | U37: =V37-SUM(D37:T37) -> 16 | V37: =SUM(B29:B34) -> 501 | W37: =IF(A34=1, SUM(B29:B34)*$U33,) -> 20.04
A38: =IFERROR( IF( WEEKDAY(C38)=1,1,),) | B38: 59 | C38: =C34+2 -> 45685 | D38: 5 | F38: 6 | G38: 7 | H38: 6 | L38: 4 | M38: 4 | O38: 7 | P38: 1 | Q38: 3 | R38: 2
A39: =IFERROR( IF( WEEKDAY(C39)=1,1,),) | B39: 79 | C39: =C38+1 -> 45686 | D39: 5 | F39: 6 | G39: 7 | H39: 6 | I39: 4 | K39: 1 | M39: 4 | O39: 7 | Q39: 3 | R39: 2 | U39: Cook | V39: Help | W39: Waiter | X39: Waiter/pre | Y39: Cash
A40: =IFERROR( IF( WEEKDAY(C40)=1,1,),) | B40: 71 | C40: =C39+1 -> 45687 | D40: 5 | E40: 5 | F40: 6 | G40: 7 | H40: 6 | I40: 4 | L40: 4 | M40: 4 | O40: 7 | P40: 1 | Q40: 2 | R40: 2 | U40: 0.6 | V40: 0.6 | W40: 0.9 | X40: 1 | Y40: 1
A41: =IFERROR( IF( WEEKDAY(C41)=1,1,),) | B41: 83 | C41: =C40+1 -> 45688 | D41: 5 | F41: 6 | G41: 7 | H41: 6 | I41: 4 | L41: 4 | M41: 4 | O41: 7 | Q41: 3 | R41: 2 | U41: Psistaria
A42: =IFERROR( IF( WEEKDAY(C42)=1,1,),) | B42: 68 | C42: =C41+1 -> 45689 | D42: 5 | E42: 5 | F42: 6 | G42: 7 | H42: 6 | L42: 4 | M42: 4 | O42: 7 | Q42: 1 | U42: 0.04
A43: =IFERROR( IF( WEEKDAY(C43)=1,1,),) -> 1 | B43: 90 | C43: =C42+1 -> 45690 | D43: 5 | E43: 5 | F43: 6 | G43: 7 | H43: 6 | I43: 4 | L43: 4 | M43: 4 | P43: 6 | R43: 2
A44: =IFERROR( IF( WEEKDAY(C44)=1,1,),) | C44: Points | D44: =IFERROR(SUM(D38:D43)*HLOOKUP(D$2, $U39:$Y40,2,0),) -> 18 | E44: =IFERROR(SUM(E38:E43)*HLOOKUP(E$2, $U39:$Y40,2,0),) -> 9 | F44: =IFERROR(SUM(F38:F43)*HLOOKUP(F$2, $U39:$Y40,2,0),) -> 21.6 | G44: =IFERROR(SUM(G38:G43)*HLOOKUP(G$2, $U39:$Y40,2,0),) -> 42 | H44: =IFERROR(SUM(H38:H43)*HLOOKUP(H$2, $U39:$Y40,2,0),) -> 36 | I44: =IFERROR(SUM(I38:I43)*HLOOKUP(I$2, $U39:$Y40,2,0),) -> 14.4 | J44: =IFERROR(SUM(J38:J43)*HLOOKUP(J$2, $U39:$Y40,2,0),) -> 0 | K44: =IFERROR(SUM(K38:K43)*HLOOKUP(K$2, $U39:$Y40,2,0),) -> 1 | ... T44: =IFERROR(SUM(T38:T43)*HLOOKUP(T$2, $U39:$Y40,2,0),) -> 0 | U44: =IF(A39=1, SUM(B38:B39)*$U$5,)
A45: =IFERROR( IF( WEEKDAY(C45)=1,1,),) | C45: % off points | D45: =IFERROR( D44/SUM($D44:$T44),0) -> 0.079295154 | E45: =IFERROR( E44/SUM($D44:$T44),0) -> 0.039647577 | F45: =IFERROR( F44/SUM($D44:$T44),0) -> 0.095154185 | G45: =IFERROR( G44/SUM($D44:$T44),0) -> 0.18502203 | H45: =IFERROR( H44/SUM($D44:$T44),0) -> 0.15859031 | I45: =IFERROR( I44/SUM($D44:$T44),0) -> 0.063436123 | J45: =IFERROR( J44/SUM($D44:$T44),0) -> 0 | K45: =IFERROR( K44/SUM($D44:$T44),0) -> 0.0044052863 | ... T45: =IFERROR( T44/SUM($D44:$T44),0) -> 0 | U45: Praktiko | V45: Total tip | W45: Theoritiko
A46: =IFERROR( IF( WEEKDAY(C46)=1,1,),) | C46: Weekly tips | D46: =MROUND((1-$U42)*D45*SUM($B38:$B43),5) -> 35 | E46: =MROUND((1-$U42)*E45*SUM($B38:$B43),5) -> 15 | F46: =MROUND((1-$U42)*F45*SUM($B38:$B43),5) -> 40 | G46: =MROUND((1-$U42)*G45*SUM($B38:$B43),5) -> 80 | H46: =MROUND((1-$U42)*H45*SUM($B38:$B43),5) -> 70 | I46: =MROUND((1-$U42)*I45*SUM($B38:$B43),5) -> 25 | J46: =MROUND((1-$U42)*J45*SUM($B38:$B43),5) -> 0 | K46: =MROUND((1-$U42)*K45*SUM($B38:$B43),5) -> 0 | ... T46: =MROUND((1-$U42)*T45*SUM($B38:$B43),5) -> 0 | U46: =V46-SUM(D46:T46) -> 20 | V46: =SUM(B38:B43) -> 450 | W46: =IF(A43=1, SUM(B38:B43)*$U42,) -> 18
A47: =IFERROR( IF( WEEKDAY(C47)=1,1,),) | B47: 90 | C47: =C43+2 -> 45692 | D47: 5 | E47: 5 | F47: 6 | G47: 7 | H47: 6 | I47: 4 | J47: 4 | K47: 2 | L47: 3 | M47: 7
A48: =IFERROR( IF( WEEKDAY(C48)=1,1,),) | B48: 127 | C48: =C47+1 -> 45693 | D48: 6 | E48: 6 | F48: 6 | G48: 7 | H48: 6 | J48: 5 | K48: 2 | M48: 7 | N48: 2 | U48: Cook | V48: Help | W48: Waiter | X48: Waiter/pre | Y48: Cash
A49: =IFERROR( IF( WEEKDAY(C49)=1,1,),) | B49: 87 | C49: =C48+1 -> 45694 | D49: 5 | E49: 5 | F49: 6 | G49: 7 | H49: 6 | I49: 4 | J49: 4 | K49: 2 | L49: 3 | M49: 7 | U49: 0.6 | V49: 0.6 | W49: 0.9 | X49: 1 | Y49: 1
A50: =IFERROR( IF( WEEKDAY(C50)=1,1,),) | B50: 60 | C50: =C49+1 -> 45695 | D50: 5 | E50: 5 | F50: 6 | G50: 7 | H50: 6 | I50: 4 | J50: 4 | K50: 2 | L50: 2 | M50: 7 | U50: Psistaria
A51: =IFERROR( IF( WEEKDAY(C51)=1,1,),) | B51: 70 | C51: =C50+1 -> 45696 | D51: 5 | E51: 5 | F51: 6 | G51: 7 | H51: 6 | I51: 4 | J51: 4 | M51: 7 | U51: 0.04
A52: =IFERROR( IF( WEEKDAY(C52)=1,1,),) -> 1 | B52: 53 | C52: =C51+1 -> 45697 | D52: 5 | E52: 5 | F52: 6 | G52: 7 | H52: 6 | J52: 4 | K52: 2 | L52: 3 | N52: 6
A53: =IFERROR( IF( WEEKDAY(C53)=1,1,),) | C53: Points | D53: =IFERROR(SUM(D47:D52)*HLOOKUP(D$2, $U48:$Y49,2,0),) -> 18.6 | E53: =IFERROR(SUM(E47:E52)*HLOOKUP(E$2, $U48:$Y49,2,0),) -> 18.6 | F53: =IFERROR(SUM(F47:F52)*HLOOKUP(F$2, $U48:$Y49,2,0),) -> 21.6 | G53: =IFERROR(SUM(G47:G52)*HLOOKUP(G$2, $U48:$Y49,2,0),) -> 42 | H53: =IFERROR(SUM(H47:H52)*HLOOKUP(H$2, $U48:$Y49,2,0),) -> 36 | I53: =IFERROR(SUM(I47:I52)*HLOOKUP(I$2, $U48:$Y49,2,0),) -> 14.4 | J53: =IFERROR(SUM(J47:J52)*HLOOKUP(J$2, $U48:$Y49,2,0),) -> 25 | K53: =IFERROR(SUM(K47:K52)*HLOOKUP(K$2, $U48:$Y49,2,0),) -> 10 | ... T53: =IFERROR(SUM(T47:T52)*HLOOKUP(T$2, $U48:$Y49,2,0),) -> 0 | U53: =IF(A48=1, SUM(B47:B48)*$U$5,)
A54: =IFERROR( IF( WEEKDAY(C54)=1,1,),) | C54: % off points | D54: =IFERROR( D53/SUM($D53:$T53),0) -> 0.077791719 | E54: =IFERROR( E53/SUM($D53:$T53),0) -> 0.077791719 | F54: =IFERROR( F53/SUM($D53:$T53),0) -> 0.09033877 | G54: =IFERROR( G53/SUM($D53:$T53),0) -> 0.17565872 | H54: =IFERROR( H53/SUM($D53:$T53),0) -> 0.15056462 | I54: =IFERROR( I53/SUM($D53:$T53),0) -> 0.060225847 | J54: =IFERROR( J53/SUM($D53:$T53),0) -> 0.10455876 | K54: =IFERROR( K53/SUM($D53:$T53),0) -> 0.041823505 | ... T54: =IFERROR( T53/SUM($D53:$T53),0) -> 0 | U54: Praktiko | V54: Total tip | W54: Theoritiko
A55: =IFERROR( IF( WEEKDAY(C55)=1,1,),) | C55: Weekly tips | D55: =MROUND((1-$U51)*D54*SUM($B47:$B52),5) -> 35 | E55: =MROUND((1-$U51)*E54*SUM($B47:$B52),5) -> 35 | F55: =MROUND((1-$U51)*F54*SUM($B47:$B52),5) -> 40 | G55: =MROUND((1-$U51)*G54*SUM($B47:$B52),5) -> 80 | H55: =MROUND((1-$U51)*H54*SUM($B47:$B52),5) -> 70 | I55: =MROUND((1-$U51)*I54*SUM($B47:$B52),5) -> 30 | J55: =MROUND((1-$U51)*J54*SUM($B47:$B52),5) -> 50 | K55: =MROUND((1-$U51)*K54*SUM($B47:$B52),5) -> 20 | ... T55: =MROUND((1-$U51)*T54*SUM($B47:$B52),5) -> 0 | U55: =V55-SUM(D55:T55) -> 22 | V55: =SUM(B47:B52) -> 487 | W55: =IF(A52=1, SUM(B47:B52)*$U51,) -> 19.48
A56: =IFERROR( IF( WEEKDAY(C56)=1,1,),) | B56: 82 | C56: =C52+2 -> 45699 | D56: 5 | E56: 5 | F56: 6 | G56: 7 | H56: 6 | J56: 5 | K56: 2 | L56: 4 | M56: 7 | N56: 2 | O56: 2
A57: =IFERROR( IF( WEEKDAY(C57)=1,1,),) | B57: 76 | C57: =C56+1 -> 45700 | D57: 5 | E57: 5 | F57: 5 | G57: 7 | H57: 6 | J57: 4 | K57: 2 | L57: 4 | M57: 7 | N57: 2 | O57: 2 | P57: 2 | U57: Cook | V57: Help | W57: Waiter | X57: Waiter/pre | Y57: Cash
A58: =IFERROR( IF( WEEKDAY(C58)=1,1,),) | B58: 130 | C58: =C57+1 -> 45701 | D58: 5 | E58: 5 | F58: 5 | G58: 7 | H58: 6 | J58: 5 | L58: 4 | M58: 7 | N58: 3 | O58: 2 | P58: 2 | U58: 0.6 | V58: 0.6 | W58: 0.9 | X58: 1 | Y58: 1
A59: =IFERROR( IF( WEEKDAY(C59)=1,1,),) | B59: 49 | C59: =C58+1 -> 45702 | D59: 5 | E59: 5 | F59: 5 | G59: 7 | H59: 6 | J59: 4 | L59: 4 | M59: 7 | N59: 2 | O59: 2 | P59: 2 | U59: Psistaria
A60: =IFERROR( IF( WEEKDAY(C60)=1,1,),) | B60: 76 | C60: =C59+1 -> 45703 | D60: 5 | E60: 5 | F60: 5 | G60: 7 | H60: 6 | I60: 4 | J60: 4 | L60: 2 | M60: 7 | P60: 2 | U60: 0.04
A61: =IFERROR( IF( WEEKDAY(C61)=1,1,),) -> 1 | B61: 73 | C61: =C60+1 -> 45704 | D61: 5 | E61: 5 | F61: 5 | G61: 7 | H61: 6 | I61: 4 | J61: 4 | K61: 2 | L61: 2 | M61: 7 | P61: 2 | Q61: 4
A62: =IFERROR( IF( WEEKDAY(C62)=1,1,),) | C62: Points | D62: =IFERROR(SUM(D56:D61)*HLOOKUP(D$2, $U57:$Y58,2,0),) -> 18 | E62: =IFERROR(SUM(E56:E61)*HLOOKUP(E$2, $U57:$Y58,2,0),) -> 18 | F62: =IFERROR(SUM(F56:F61)*HLOOKUP(F$2, $U57:$Y58,2,0),) -> 18.6 | G62: =IFERROR(SUM(G56:G61)*HLOOKUP(G$2, $U57:$Y58,2,0),) -> 42 | H62: =IFERROR(SUM(H56:H61)*HLOOKUP(H$2, $U57:$Y58,2,0),) -> 36 | I62: =IFERROR(SUM(I56:I61)*HLOOKUP(I$2, $U57:$Y58,2,0),) -> 7.2 | J62: =IFERROR(SUM(J56:J61)*HLOOKUP(J$2, $U57:$Y58,2,0),) -> 26 | K62: =IFERROR(SUM(K56:K61)*HLOOKUP(K$2, $U57:$Y58,2,0),) -> 6 | ... T62: =IFERROR(SUM(T56:T61)*HLOOKUP(T$2, $U57:$Y58,2,0),) -> 0 | U62: =IF(A57=1, SUM(B56:B57)*$U$5,)
A63: =IFERROR( IF( WEEKDAY(C63)=1,1,),) | C63: % off points | D63: =IFERROR( D62/SUM($D62:$T62),0) -> 0.070866142 | E63: =IFERROR( E62/SUM($D62:$T62),0) -> 0.070866142 | F63: =IFERROR( F62/SUM($D62:$T62),0) -> 0.073228346 | G63: =IFERROR( G62/SUM($D62:$T62),0) -> 0.16535433 | H63: =IFERROR( H62/SUM($D62:$T62),0) -> 0.14173228 | I63: =IFERROR( I62/SUM($D62:$T62),0) -> 0.028346457 | J63: =IFERROR( J62/SUM($D62:$T62),0) -> 0.1023622 | K63: =IFERROR( K62/SUM($D62:$T62),0) -> 0.023622047 | ... T63: =IFERROR( T62/SUM($D62:$T62),0) -> 0 | U63: Praktiko | V63: Total tip | W63: Theoritiko
A64: =IFERROR( IF( WEEKDAY(C64)=1,1,),) | C64: Weekly tips | D64: =MROUND((1-$U60)*D63*SUM($B56:$B61),5) -> 35 | E64: =MROUND((1-$U60)*E63*SUM($B56:$B61),5) -> 35 | F64: =MROUND((1-$U60)*F63*SUM($B56:$B61),5) -> 35 | G64: =MROUND((1-$U60)*G63*SUM($B56:$B61),5) -> 75 | H64: =MROUND((1-$U60)*H63*SUM($B56:$B61),5) -> 65 | I64: =MROUND((1-$U60)*I63*SUM($B56:$B61),5) -> 15 | J64: =MROUND((1-$U60)*J63*SUM($B56:$B61),5) -> 50 | K64: =MROUND((1-$U60)*K63*SUM($B56:$B61),5) -> 10 | ... T64: =MROUND((1-$U60)*T63*SUM($B56:$B61),5) -> 0 | U64: =V64-SUM(D64:T64) -> 16 | V64: =SUM(B56:B61) -> 486 | W64: =IF(A61=1, SUM(B56:B61)*$U60,) -> 19.44
A65: =IFERROR( IF( WEEKDAY(C65)=1,1,),) | B65: 91 | C65: =C61+2 -> 45706 | D65: 5 | E65: 5 | F65: 5 | G65: 7 | H65: 6 | J65: 5 | K65: 2 | L65: 3 | M65: 7 | N65: 4 | O65: 2 | P65: 2
A66: =IFERROR( IF( WEEKDAY(C66)=1,1,),) | B66: 88 | C66: =C65+1 -> 45707 | D66: 5 | E66: 5 | F66: 5 | G66: 7 | H66: 6 | I66: 4 | J66: 4 | K66: 2 | M66: 7 | N66: 4 | P66: 2 | U66: Cook | V66: Help | W66: Waiter | X66: Waiter/pre | Y66: Cash
A67: =IFERROR( IF( WEEKDAY(C67)=1,1,),) | B67: 70 | C67: =C66+1 -> 45708 | D67: 5 | E67: 5 | F67: 5 | G67: 7 | H67: 6 | J67: 4 | K67: 2 | L67: 1 | M67: 7 | N67: 4 | P67: 2 | U67: 0.6 | V67: 0.6 | W67: 0.9 | X67: 1 | Y67: 1
A68: =IFERROR( IF( WEEKDAY(C68)=1,1,),) | B68: 72 | C68: =C67+1 -> 45709 | D68: 5 | E68: 5 | F68: 5 | G68: 7 | H68: 6 | I68: 4 | J68: 4 | K68: 2 | L68: 4 | M68: 7 | N68: 2 | P68: 2 | U68: Psistaria
A69: =IFERROR( IF( WEEKDAY(C69)=1,1,),) | B69: 64 | C69: =C68+1 -> 45710 | D69: 5 | E69: 5 | F69: 5 | G69: 7 | H69: 6 | J69: 3 | L69: 2 | M69: 7 | P69: 2 | U69: 0.04
A70: =IFERROR( IF( WEEKDAY(C70)=1,1,),) -> 1 | B70: 76 | C70: =C69+1 -> 45711 | D70: 5 | E70: 5 | F70: 5 | G70: 7 | H70: 6 | I70: 4 | J70: 4 | L70: 2 | N70: 6 | O70: 2 | P70: 2 | Q70: 4
A71: =IFERROR( IF( WEEKDAY(C71)=1,1,),) | C71: Points | D71: =IFERROR(SUM(D65:D70)*HLOOKUP(D$2, $U66:$Y67,2,0),) -> 18 | E71: =IFERROR(SUM(E65:E70)*HLOOKUP(E$2, $U66:$Y67,2,0),) -> 18 | F71: =IFERROR(SUM(F65:F70)*HLOOKUP(F$2, $U66:$Y67,2,0),) -> 18 | G71: =IFERROR(SUM(G65:G70)*HLOOKUP(G$2, $U66:$Y67,2,0),) -> 42 | H71: =IFERROR(SUM(H65:H70)*HLOOKUP(H$2, $U66:$Y67,2,0),) -> 36 | I71: =IFERROR(SUM(I65:I70)*HLOOKUP(I$2, $U66:$Y67,2,0),) -> 10.8 | J71: =IFERROR(SUM(J65:J70)*HLOOKUP(J$2, $U66:$Y67,2,0),) -> 24 | K71: =IFERROR(SUM(K65:K70)*HLOOKUP(K$2, $U66:$Y67,2,0),) -> 8 | ... T71: =IFERROR(SUM(T65:T70)*HLOOKUP(T$2, $U66:$Y67,2,0),) -> 0 | U71: =IF(A66=1, SUM(B65:B66)*$U$5,)
A72: =IFERROR( IF( WEEKDAY(C72)=1,1,),) | C72: % off points | D72: =IFERROR( D71/SUM($D71:$T71),0) -> 0.071258907 | E72: =IFERROR( E71/SUM($D71:$T71),0) -> 0.071258907 | F72: =IFERROR( F71/SUM($D71:$T71),0) -> 0.071258907 | G72: =IFERROR( G71/SUM($D71:$T71),0) -> 0.16627078 | H72: =IFERROR( H71/SUM($D71:$T71),0) -> 0.14251781 | I72: =IFERROR( I71/SUM($D71:$T71),0) -> 0.042755344 | J72: =IFERROR( J71/SUM($D71:$T71),0) -> 0.095011876 | K72: =IFERROR( K71/SUM($D71:$T71),0) -> 0.031670625 | ... T72: =IFERROR( T71/SUM($D71:$T71),0) -> 0 | U72: Praktiko | V72: Total tip | W72: Theoritiko
A73: =IFERROR( IF( WEEKDAY(C73)=1,1,),) | C73: Weekly tips | D73: =MROUND((1-$U69)*D72*SUM($B65:$B70),5) -> 30 | E73: =MROUND((1-$U69)*E72*SUM($B65:$B70),5) -> 30 | F73: =MROUND((1-$U69)*F72*SUM($B65:$B70),5) -> 30 | G73: =MROUND((1-$U69)*G72*SUM($B65:$B70),5) -> 75 | H73: =MROUND((1-$U69)*H72*SUM($B65:$B70),5) -> 65 | I73: =MROUND((1-$U69)*I72*SUM($B65:$B70),5) -> 20 | J73: =MROUND((1-$U69)*J72*SUM($B65:$B70),5) -> 40 | K73: =MROUND((1-$U69)*K72*SUM($B65:$B70),5) -> 15 | ... T73: =MROUND((1-$U69)*T72*SUM($B65:$B70),5) -> 0 | U73: =V73-SUM(D73:T73) -> 16 | V73: =SUM(B65:B70) -> 461 | W73: =IF(A70=1, SUM(B65:B70)*$U69,) -> 18.44
A74: =IFERROR( IF( WEEKDAY(C74)=1,1,),) | B74: 70 | C74: =C70+2 -> 45713 | D74: 5 | E74: 5 | F74: 5 | G74: 7 | H74: 6 | J74: 5 | K74: 2 | L74: 3 | M74: 7 | N74: 2 | P74: 2
A75: =IFERROR( IF( WEEKDAY(C75)=1,1,),) | B75: 94 | C75: =C74+1 -> 45714 | D75: 5 | F75: 5 | G75: 7 | H75: 6 | J75: 5 | L75: 4 | M75: 7 | N75: 2 | O75: 2 | P75: 2 | U75: Cook | V75: Help | W75: Waiter | X75: Waiter/pre | Y75: Cash
A76: =IFERROR( IF( WEEKDAY(C76)=1,1,),) | B76: 80 | C76: =C75+1 -> 45715 | D76: 5 | E76: 5 | F76: 5 | G76: 7 | H76: 6 | I76: 4 | J76: 4 | K76: 2 | L76: 4 | M76: 7 | N76: 2 | O76: 1 | P76: 2 | U76: 0.6 | V76: 0.6 | W76: 0.9 | X76: 1 | Y76: 1
A77: =IFERROR( IF( WEEKDAY(C77)=1,1,),) | B77: 89 | C77: =C76+1 -> 45716 | D77: 5 | E77: 5 | F77: 5 | G77: 7 | H77: 6 | I77: 4 | J77: 4 | K77: 2 | L77: 4 | M77: 7 | N77: 2 | O77: 1 | P77: 2 | U77: Psistaria
A78: =IFERROR( IF( WEEKDAY(C78)=1,1,),) | B78: 93 | C78: =C77+1 -> 45717 | D78: 5 | E78: 5 | F78: 5 | G78: 7 | H78: 6 | I78: 4 | J78: 4 | L78: 2 | M78: 7 | P78: 2 | U78: 0.04
A79: =IFERROR( IF( WEEKDAY(C79)=1,1,),) -> 1 | C79: =C78+1 -> 45718
A80: =IFERROR( IF( WEEKDAY(C80)=1,1,),) | C80: Points | D80: =IFERROR(SUM(D74:D79)*HLOOKUP(D$2, $U75:$Y76,2,0),) -> 15 | E80: =IFERROR(SUM(E74:E79)*HLOOKUP(E$2, $U75:$Y76,2,0),) -> 12 | F80: =IFERROR(SUM(F74:F79)*HLOOKUP(F$2, $U75:$Y76,2,0),) -> 15 | G80: =IFERROR(SUM(G74:G79)*HLOOKUP(G$2, $U75:$Y76,2,0),) -> 35 | H80: =IFERROR(SUM(H74:H79)*HLOOKUP(H$2, $U75:$Y76,2,0),) -> 30 | I80: =IFERROR(SUM(I74:I79)*HLOOKUP(I$2, $U75:$Y76,2,0),) -> 10.8 | J80: =IFERROR(SUM(J74:J79)*HLOOKUP(J$2, $U75:$Y76,2,0),) -> 22 | K80: =IFERROR(SUM(K74:K79)*HLOOKUP(K$2, $U75:$Y76,2,0),) -> 6 | ... T80: =IFERROR(SUM(T74:T79)*HLOOKUP(T$2, $U75:$Y76,2,0),) -> 0 | U80: =IF(A75=1, SUM(B74:B75)*$U$5,)
A81: =IFERROR( IF( WEEKDAY(C81)=1,1,),) | C81: % off points | D81: =IFERROR( D80/SUM($D80:$T80),0) -> 0.070588235 | E81: =IFERROR( E80/SUM($D80:$T80),0) -> 0.056470588 | F81: =IFERROR( F80/SUM($D80:$T80),0) -> 0.070588235 | G81: =IFERROR( G80/SUM($D80:$T80),0) -> 0.16470588 | H81: =IFERROR( H80/SUM($D80:$T80),0) -> 0.14117647 | I81: =IFERROR( I80/SUM($D80:$T80),0) -> 0.050823529 | J81: =IFERROR( J80/SUM($D80:$T80),0) -> 0.10352941 | K81: =IFERROR( K80/SUM($D80:$T80),0) -> 0.028235294 | ... T81: =IFERROR( T80/SUM($D80:$T80),0) -> 0 | U81: Praktiko | V81: Total tip | W81: Theoritiko
A82: =IFERROR( IF( WEEKDAY(C82)=1,1,),) | C82: Weekly tips | D82: =MROUND((1-$U78)*D81*SUM($B74:$B79),5) -> 30 | E82: =MROUND((1-$U78)*E81*SUM($B74:$B79),5) -> 25 | F82: =MROUND((1-$U78)*F81*SUM($B74:$B79),5) -> 30 | G82: =MROUND((1-$U78)*G81*SUM($B74:$B79),5) -> 65 | H82: =MROUND((1-$U78)*H81*SUM($B74:$B79),5) -> 60 | I82: =MROUND((1-$U78)*I81*SUM($B74:$B79),5) -> 20 | J82: =MROUND((1-$U78)*J81*SUM($B74:$B79),5) -> 40 | K82: =MROUND((1-$U78)*K81*SUM($B74:$B79),5) -> 10 | ... T82: =MROUND((1-$U78)*T81*SUM($B74:$B79),5) -> 0 | U82: =V82-SUM(D82:T82) -> 21 | V82: =SUM(B74:B79) -> 426 | W82: =IF(A79=1, SUM(B74:B79)*$U78,) -> 17.04
A83: =IFERROR( IF( WEEKDAY(C83)=1,1,),) | B83: 64 | C83: =C79+2 -> 45720 | D83: 5 | E83: 5 | F83: 5 | G83: 7 | H83: 6 | I83: 4 | J83: 4 | K83: 2 | L83: 4 | M83: 7 | O83: 1 | P83: 2
A84: =IFERROR( IF( WEEKDAY(C84)=1,1,),) | B84: 64 | C84: =C83+1 -> 45721 | D84: 5 | E84: 5 | F84: 5 | G84: 7 | H84: 6 | I84: 4 | K84: 2 | L84: 4 | M84: 7 | P84: 2 | U84: Cook | V84: Help | W84: Waiter | X84: Waiter/pre | Y84: Cash
A85: =IFERROR( IF( WEEKDAY(C85)=1,1,),) | B85: 78 | C85: =C84+1 -> 45722 | D85: 5 | E85: 5 | F85: 5 | G85: 7 | H85: 6 | I85: 4 | J85: 4 | K85: 2 | L85: 4 | M85: 7 | P85: 2 | U85: 0.6 | V85: 0.6 | W85: 0.9 | X85: 1 | Y85: 1
A86: =IFERROR( IF( WEEKDAY(C86)=1,1,),) | B86: 86 | C86: =C85+1 -> 45723 | D86: 5 | E86: 5 | F86: 5 | G86: 7 | H86: 6 | J86: 5 | K86: 2 | L86: 4 | M86: 7 | P86: 2 | U86: Psistaria
A87: =IFERROR( IF( WEEKDAY(C87)=1,1,),) | B87: 77 | C87: =C86+1 -> 45724 | D87: 5 | E87: 5 | F87: 5 | G87: 7 | H87: 6 | I87: 4 | J87: 4 | L87: 2 | M87: 7 | P87: 2 | U87: 0.02
A88: =IFERROR( IF( WEEKDAY(C88)=1,1,),) -> 1 | B88: 95 | C88: =C87+1 -> 45725 | D88: 5 | E88: 5 | F88: 5 | G88: 7 | H88: 6 | I88: 4 | J88: 4 | K88: 2 | L88: 2 | N88: 6 | P88: 2
A89: =IFERROR( IF( WEEKDAY(C89)=1,1,),) | C89: Points | D89: =IFERROR(SUM(D83:D88)*HLOOKUP(D$2, $U84:$Y85,2,0),) -> 18 | E89: =IFERROR(SUM(E83:E88)*HLOOKUP(E$2, $U84:$Y85,2,0),) -> 18 | F89: =IFERROR(SUM(F83:F88)*HLOOKUP(F$2, $U84:$Y85,2,0),) -> 18 | G89: =IFERROR(SUM(G83:G88)*HLOOKUP(G$2, $U84:$Y85,2,0),) -> 42 | H89: =IFERROR(SUM(H83:H88)*HLOOKUP(H$2, $U84:$Y85,2,0),) -> 36 | I89: =IFERROR(SUM(I83:I88)*HLOOKUP(I$2, $U84:$Y85,2,0),) -> 18 | J89: =IFERROR(SUM(J83:J88)*HLOOKUP(J$2, $U84:$Y85,2,0),) -> 21 | K89: =IFERROR(SUM(K83:K88)*HLOOKUP(K$2, $U84:$Y85,2,0),) -> 10 | ... T89: =IFERROR(SUM(T83:T88)*HLOOKUP(T$2, $U84:$Y85,2,0),) -> 0 | U89: =IF(A84=1, SUM(B83:B84)*$U$5,)
A90: =IFERROR( IF( WEEKDAY(C90)=1,1,),) | C90: % off points | D90: =IFERROR( D89/SUM($D89:$T89),0) -> 0.072639225 | E90: =IFERROR( E89/SUM($D89:$T89),0) -> 0.072639225 | F90: =IFERROR( F89/SUM($D89:$T89),0) -> 0.072639225 | G90: =IFERROR( G89/SUM($D89:$T89),0) -> 0.16949153 | H90: =IFERROR( H89/SUM($D89:$T89),0) -> 0.14527845 | I90: =IFERROR( I89/SUM($D89:$T89),0) -> 0.072639225 | J90: =IFERROR( J89/SUM($D89:$T89),0) -> 0.084745763 | K90: =IFERROR( K89/SUM($D89:$T89),0) -> 0.040355125 | ... T90: =IFERROR( T89/SUM($D89:$T89),0) -> 0 | U90: Praktiko | V90: Total tip | W90: Theoritiko
A91: =IFERROR( IF( WEEKDAY(C91)=1,1,),) | C91: Weekly tips | D91: =MROUND((1-$U87)*D90*SUM($B83:$B88),5) -> 35 | E91: =MROUND((1-$U87)*E90*SUM($B83:$B88),5) -> 35 | F91: =MROUND((1-$U87)*F90*SUM($B83:$B88),5) -> 35 | G91: =MROUND((1-$U87)*G90*SUM($B83:$B88),5) -> 75 | H91: =MROUND((1-$U87)*H90*SUM($B83:$B88),5) -> 65 | I91: =MROUND((1-$U87)*I90*SUM($B83:$B88),5) -> 35 | J91: =MROUND((1-$U87)*J90*SUM($B83:$B88),5) -> 40 | K91: =MROUND((1-$U87)*K90*SUM($B83:$B88),5) -> 20 | ... T91: =MROUND((1-$U87)*T90*SUM($B83:$B88),5) -> 0 | U91: =V91-SUM(D91:T91) -> -1 | V91: =SUM(B83:B88) -> 464 | W91: =IF(A88=1, SUM(B83:B88)*$U87,) -> 9.28
A92: =IFERROR( IF( WEEKDAY(C92)=1,1,),) | B92: 72 | C92: =C88+2 -> 45727 | D92: 5 | E92: 5 | F92: 5 | G92: 7 | H92: 6 | I92: 4 | J92: 4 | K92: 2 | M92: 7 | N92: 1 | P92: 1
A93: =IFERROR( IF( WEEKDAY(C93)=1,1,),) | B93: 91 | C93: =C92+1 -> 45728 | D93: 5 | F93: 5 | G93: 7 | H93: 6 | I93: 4 | J93: 4 | K93: 2 | L93: 2 | M93: 7 | N93: 2 | U93: Cook | V93: Help | W93: Waiter | X93: Waiter/pre | Y93: Cash
A94: =IFERROR( IF( WEEKDAY(C94)=1,1,),) | B94: 88 | C94: =C93+1 -> 45729 | D94: 5 | E94: 5 | F94: 6 | G94: 7 | H94: 6 | J94: 5 | K94: 2 | L94: 2 | M94: 7 | N94: 1 | O94: 1 | U94: 0.6 | V94: 0.6 | W94: 0.9 | X94: 1 | Y94: 1
A95: =IFERROR( IF( WEEKDAY(C95)=1,1,),) | B95: 86 | C95: =C94+1 -> 45730 | D95: 5 | E95: 5 | F95: 6 | G95: 7 | H95: 6 | I95: 4 | J95: 4 | K95: 2 | L95: 2 | M95: 7 | N95: 2 | U95: Psistaria
A96: =IFERROR( IF( WEEKDAY(C96)=1,1,),) | B96: 78 | C96: =C95+1 -> 45731 | D96: 5 | E96: 5 | F96: 6 | G96: 7 | H96: 6 | I96: 4 | J96: 4 | L96: 2 | M96: 7 | U96: 0.04
A97: =IFERROR( IF( WEEKDAY(C97)=1,1,),) -> 1 | B97: 77 | C97: =C96+1 -> 45732 | D97: 5 | E97: 5 | F97: 6 | G97: 7 | H97: 6 | I97: 4 | J97: 4 | K97: 2 | L97: 4 | N97: 6
A98: =IFERROR( IF( WEEKDAY(C98)=1,1,),) | C98: Points | D98: =IFERROR(SUM(D92:D97)*HLOOKUP(D$2, $U93:$Y94,2,0),) -> 18 | E98: =IFERROR(SUM(E92:E97)*HLOOKUP(E$2, $U93:$Y94,2,0),) -> 15 | F98: =IFERROR(SUM(F92:F97)*HLOOKUP(F$2, $U93:$Y94,2,0),) -> 20.4 | G98: =IFERROR(SUM(G92:G97)*HLOOKUP(G$2, $U93:$Y94,2,0),) -> 42 | H98: =IFERROR(SUM(H92:H97)*HLOOKUP(H$2, $U93:$Y94,2,0),) -> 36 | I98: =IFERROR(SUM(I92:I97)*HLOOKUP(I$2, $U93:$Y94,2,0),) -> 18 | J98: =IFERROR(SUM(J92:J97)*HLOOKUP(J$2, $U93:$Y94,2,0),) -> 25 | K98: =IFERROR(SUM(K92:K97)*HLOOKUP(K$2, $U93:$Y94,2,0),) -> 10 | ... T98: =IFERROR(SUM(T92:T97)*HLOOKUP(T$2, $U93:$Y94,2,0),) -> 0 | U98: =IF(A93=1, SUM(B92:B93)*$U$5,)
A99: =IFERROR( IF( WEEKDAY(C99)=1,1,),) | C99: % off points | D99: =IFERROR( D98/SUM($D98:$T98),0) -> 0.073952342 | E99: =IFERROR( E98/SUM($D98:$T98),0) -> 0.061626952 | F99: =IFERROR( F98/SUM($D98:$T98),0) -> 0.083812654 | G99: =IFERROR( G98/SUM($D98:$T98),0) -> 0.17255546 | H99: =IFERROR( H98/SUM($D98:$T98),0) -> 0.14790468 | I99: =IFERROR( I98/SUM($D98:$T98),0) -> 0.073952342 | J99: =IFERROR( J98/SUM($D98:$T98),0) -> 0.10271159 | K99: =IFERROR( K98/SUM($D98:$T98),0) -> 0.041084634 | ... T99: =IFERROR( T98/SUM($D98:$T98),0) -> 0 | U99: Praktiko | V99: Total tip | W99: Theoritiko
A100: =IFERROR( IF( WEEKDAY(C100)=1,1,),) | C100: Weekly tips | D100: =MROUND((1-$U96)*D99*SUM($B92:$B97),5) -> 35 | E100: =MROUND((1-$U96)*E99*SUM($B92:$B97),5) -> 30 | F100: =MROUND((1-$U96)*F99*SUM($B92:$B97),5) -> 40 | G100: =MROUND((1-$U96)*G99*SUM($B92:$B97),5) -> 80 | H100: =MROUND((1-$U96)*H99*SUM($B92:$B97),5) -> 70 | I100: =MROUND((1-$U96)*I99*SUM($B92:$B97),5) -> 35 | J100: =MROUND((1-$U96)*J99*SUM($B92:$B97),5) -> 50 | K100: =MROUND((1-$U96)*K99*SUM($B92:$B97),5) -> 20 | ... T100: =MROUND((1-$U96)*T99*SUM($B92:$B97),5) -> 0 | U100: =V100-SUM(D100:T100) -> 17 | V100: =SUM(B92:B97) -> 492 | W100: =IF(A97=1, SUM(B92:B97)*$U96,) -> 19.68
...

Sheet WeightRole
A1: Dates | B1: Αναστασία | C1: Αυτάπ | D1: Εύα | E1: Γιάννης | F1: Χριστιάνα | G1: Κρίστης | H1: Γκάμπριελ | I1: Τάνια | J1: Μαρίνα | K1: Ανέλια | L1: Ναταλία | M1: Παντελίτσα | N1: Μαρία | O1: Διομήδης | P1: Αμάντα | Q1: Ανθούλα | R1: Ραζβάν | S1: Σάντρα | T1: Κρεμένα | U1: Μυρτώ | V1: Λαουρέντζο | W1: Μαρήλια | X1: Μαίρη | Y1: Γκαλίνα | Z1: Μαίρη Ιεαχωβά | AA1: Χριστίνα | AB1: Καλομοίρα | AC1: Χασάν | AD1: Σοφία
A2: 45597 | B2: 0.6 | C2: 0.6 | D2: 0.6 | E2: 1 | F2: 1 | G2: 1 | H2: 0.6 | I2: 0.6 | J2: 0.6 | K2: 0.9 | L2: 0.6 | M2: 1 | N2: 1 | O2: 0.9 | P2: 1 | Q2: 0.6 | R2: 0.6 | S2: 0.6 | T2: 0.6 | U2: 0.6 | V2: 0.6 | W2: 0.6 | X2: 0.6 | Y2: 0.6
A3: =A2+1 -> 45598 | B3: 0.6 | C3: 0.6 | D3: 0.6 | E3: 1 | F3: 1 | G3: 1 | H3: 0.6 | I3: 0.6 | J3: 0.6 | K3: 0.9 | L3: 0.6 | M3: 1 | N3: 1 | O3: 0.9 | P3: 1 | Q3: 0.6 | R3: 0.6 | S3: 0.6 | T3: 0.6 | U3: 0.6 | V3: 0.6 | W3: 0.6 | X3: 0.6 | Y3: 0.6
A4: =A3+1 -> 45599 | B4: 0.6 | C4: 0.6 | D4: 0.6 | E4: 1 | F4: 1 | G4: 1 | H4: 0.6 | I4: 0.6 | J4: 0.6 | K4: 0.9 | L4: 0.6 | M4: 1 | N4: 1 | O4: 0.9 | P4: 1 | Q4: 0.6 | R4: 0.6 | S4: 0.6 | T4: 0.6 | U4: 0.6 | V4: 0.6 | W4: 0.6 | X4: 0.6 | Y4: 0.6
A5: =A4+1 -> 45600 | B5: 0.6 | C5: 0.6 | D5: 0.6 | E5: 1 | F5: 1 | G5: 1 | H5: 0.6 | I5: 0.6 | J5: 0.6 | K5: 0.9 | L5: 0.6 | M5: 1 | N5: 1 | O5: 0.9 | P5: 1 | Q5: 0.6 | R5: 0.6 | S5: 0.6 | T5: 0.6 | U5: 0.6 | V5: 0.6 | W5: 0.6 | X5: 0.6 | Y5: 0.6
A6: =A5+1 -> 45601 | B6: 0.6 | C6: 0.6 | D6: 0.6 | E6: 1 | F6: 1 | G6: 1 | H6: 0.6 | I6: 0.6 | J6: 0.6 | K6: 0.9 | L6: 0.6 | M6: 1 | N6: 1 | O6: 0.9 | P6: 1 | Q6: 0.6 | R6: 0.6 | S6: 0.6 | T6: 0.6 | U6: 0.6 | V6: 0.6 | W6: 0.6 | X6: 0.6 | Y6: 0.6
A7: =A6+1 -> 45602 | B7: 0.6 | C7: 0.6 | D7: 0.6 | E7: 1 | F7: 1 | G7: 1 | H7: 0.6 | I7: 0.6 | J7: 0.6 | K7: 0.9 | L7: 0.6 | M7: 1 | N7: 1 | O7: 0.9 | P7: 1 | Q7: 0.6 | R7: 0.6 | S7: 0.6 | T7: 0.6 | U7: 0.6 | V7: 0.6 | W7: 0.6 | X7: 0.6 | Y7: 0.6
A8: =A7+1 -> 45603 | B8: 0.6 | C8: 0.6 | D8: 0.6 | E8: 1 | F8: 1 | G8: 1 | H8: 0.6 | I8: 0.6 | J8: 0.6 | K8: 0.9 | L8: 0.6 | M8: 1 | N8: 1 | O8: 0.9 | P8: 1 | Q8: 0.6 | R8: 0.6 | S8: 0.6 | T8: 0.6 | U8: 0.6 | V8: 0.6 | W8: 0.6 | X8: 0.6 | Y8: 0.6
A9: =A8+1 -> 45604 | B9: 0.6 | C9: 0.6 | D9: 0.6 | E9: 1 | F9: 1 | G9: 1 | H9: 0.6 | I9: 0.6 | J9: 0.6 | K9: 0.9 | L9: 0.6 | M9: 1 | N9: 1 | O9: 0.9 | P9: 1 | Q9: 0.6 | R9: 0.6 | S9: 0.6 | T9: 0.6 | U9: 0.6 | V9: 0.6 | W9: 0.6 | X9: 0.6 | Y9: 0.6
A10: =A9+1 -> 45605 | B10: 0.6 | C10: 0.6 | D10: 0.6 | E10: 1 | F10: 1 | G10: 1 | H10: 0.6 | I10: 0.6 | J10: 0.6 | K10: 0.9 | L10: 0.6 | M10: 1 | N10: 1 | O10: 0.9 | P10: 1 | Q10: 0.6 | R10: 0.6 | S10: 0.6 | T10: 0.6 | U10: 0.6 | V10: 0.6 | W10: 0.6 | X10: 0.6 | Y10: 0.6
A11: =A10+1 -> 45606 | B11: 0.6 | C11: 0.6 | D11: 0.6 | E11: 1 | F11: 1 | G11: 1 | H11: 0.6 | I11: 0.6 | J11: 0.6 | K11: 0.9 | L11: 0.6 | M11: 1 | N11: 1 | O11: 0.9 | P11: 1 | Q11: 0.6 | R11: 0.6 | S11: 0.6 | T11: 0.6 | U11: 0.6 | V11: 0.6 | W11: 0.6 | X11: 0.6 | Y11: 0.6
A12: =A11+1 -> 45607 | B12: 0.6 | C12: 0.6 | D12: 0.6 | E12: 1 | F12: 1 | G12: 1 | H12: 0.6 | I12: 0.6 | J12: 0.6 | K12: 0.9 | L12: 0.6 | M12: 1 | N12: 1 | O12: 0.9 | P12: 1 | Q12: 0.6 | R12: 0.6 | S12: 0.6 | T12: 0.6 | U12: 0.6 | V12: 0.6 | W12: 0.6 | X12: 0.6 | Y12: 0.6
A13: =A12+1 -> 45608 | B13: 0.6 | C13: 0.6 | D13: 0.6 | E13: 1 | F13: 1 | G13: 1 | H13: 0.6 | I13: 0.6 | J13: 0.6 | K13: 0.9 | L13: 0.6 | M13: 1 | N13: 1 | O13: 0.9 | P13: 1 | Q13: 0.6 | R13: 0.6 | S13: 0.6 | T13: 0.6 | U13: 0.6 | V13: 0.6 | W13: 0.6 | X13: 0.6 | Y13: 0.6
A14: =A13+1 -> 45609 | B14: 0.6 | C14: 0.6 | D14: 0.6 | E14: 1 | F14: 1 | G14: 1 | H14: 0.6 | I14: 0.6 | J14: 0.6 | K14: 0.9 | L14: 0.6 | M14: 1 | N14: 1 | O14: 0.9 | P14: 1 | Q14: 0.6 | R14: 0.6 | S14: 0.6 | T14: 0.6 | U14: 0.6 | V14: 0.6 | W14: 0.6 | X14: 0.6 | Y14: 0.6
... A336: =A335+1 -> 45931 | B336: 0.6 | C336: 0.6 | D336: 0.6 | E336: 1 | F336: 1 | G336: 1 | H336: 0.6 | I336: 0.6 | J336: 0.6 | K336: 0.9 | L336: 0.6 | M336: 1 | N336: 1 | O336: 0.9 | P336: 1 | Q336: 0.6 | R336: 0.6 | S336: 0.6 | T336: 0.6 | U336: 0.6 | V336: 0.6 | W336: 0.6 | X336: 0.6 | Y336: 0.6
A337: =A336+1 -> 45932 | B337: 0.6 | C337: 0.6 | D337: 0.6 | E337: 1 | F337: 1 | G337: 1 | H337: 0.6 | I337: 0.6 | J337: 0.6 | K337: 0.9 | L337: 0.6 | M337: 1 | N337: 1 | O337: 0.9 | P337: 1 | Q337: 0.6 | R337: 0.6 | S337: 0.6 | T337: 0.6 | U337: 0.6 | V337: 0.6 | W337: 0.6 | X337: 0.6 | Y337: 0.6 | Z337: 0.6 | AA337: 0.6 | AB337: 0.6 | AC337: 0.6 | AD337: 0.9
A338: =A337+1 -> 45933 | B338: 0.6 | C338: 0.6 | D338: 0.6 | E338: 1 | F338: 1 | G338: 1 | H338: 0.6 | I338: 0.6 | J338: 0.6 | K338: 0.9 | L338: 0.6 | M338: 1 | N338: 1 | O338: 0.9 | P338: 1 | Q338: 0.6 | R338: 0.6 | S338: 0.6 | T338: 0.6 | U338: 0.6 | V338: 0.6 | W338: 0.6 | X338: 0.6 | Y338: 0.6 | Z338: 0.6 | AA338: 0.6 | AB338: 0.6 | AC338: 0.6 | AD338: 0.9
A339: =A338+1 -> 45934 | B339: 0.6 | C339: 0.6 | D339: 0.6 | E339: 1 | F339: 1 | G339: 1 | H339: 0.6 | I339: 0.6 | J339: 0.6 | K339: 0.9 | L339: 0.6 | M339: 1 | N339: 1 | O339: 0.9 | P339: 1 | Q339: 0.6 | R339: 0.6 | S339: 0.6 | T339: 0.6 | U339: 0.6 | V339: 0.6 | W339: 0.6 | X339: 0.6 | Y339: 0.6 | Z339: 0.6 | AA339: 0.6 | AB339: 0.6 | AC339: 0.6 | AD339: 0.9
A340: =A339+1 -> 45935 | B340: 0.6 | C340: 0.6 | D340: 0.6 | E340: 1 | F340: 1 | G340: 1 | H340: 0.6 | I340: 0.6 | J340: 0.6 | K340: 0.9 | L340: 0.6 | M340: 1 | N340: 1 | O340: 0.9 | P340: 1 | Q340: 0.6 | R340: 0.6 | S340: 0.6 | T340: 0.6 | U340: 0.6 | V340: 0.6 | W340: 0.6 | X340: 0.6 | Y340: 0.6 | Z340: 0.6 | AA340: 0.6 | AB340: 0.6 | AC340: 0.6 | AD340: 0.9
A341: =A340+1 -> 45936 | B341: 0.6 | C341: 0.6 | D341: 0.6 | E341: 1 | F341: 1 | G341: 1 | H341: 0.6 | I341: 0.6 | J341: 0.6 | K341: 0.9 | L341: 0.6 | M341: 1 | N341: 1 | O341: 0.9 | P341: 1 | Q341: 0.6 | R341: 0.6 | S341: 0.6 | T341: 0.6 | U341: 0.6 | V341: 0.6 | W341: 0.6 | X341: 0.6 | Y341: 0.6 | Z341: 0.6 | AA341: 0.6 | AB341: 0.6 | AC341: 0.6 | AD341: 0.9
A342: =A341+1 -> 45937 | B342: 0.6 | C342: 0.6 | D342: 0.6 | E342: 1 | F342: 1 | G342: 1 | H342: 0.6 | I342: 0.6 | J342: 0.6 | K342: 0.9 | L342: 0.6 | M342: 1 | N342: 1 | O342: 0.9 | P342: 1 | Q342: 0.6 | R342: 0.6 | S342: 0.6 | T342: 0.6 | U342: 0.6 | V342: 0.6 | W342: 0.6 | X342: 0.6 | Y342: 0.6 | Z342: 0.6 | AA342: 0.6 | AB342: 0.6 | AC342: 0.6 | AD342: 0.9
A343: =A342+1 -> 45938 | B343: 0.6 | C343: 0.6 | D343: 0.6 | E343: 1 | F343: 1 | G343: 1 | H343: 0.6 | I343: 0.6 | J343: 0.6 | K343: 0.9 | L343: 0.6 | M343: 1 | N343: 1 | O343: 0.9 | P343: 1 | Q343: 0.6 | R343: 0.6 | S343: 0.6 | T343: 0.6 | U343: 0.6 | V343: 0.6 | W343: 0.6 | X343: 0.6 | Y343: 0.6 | Z343: 0.6 | AA343: 0.6 | AB343: 0.6 | AC343: 0.6 | AD343: 0.9
A344: =A343+1 -> 45939 | B344: 0.6 | C344: 0.6 | D344: 0.6 | E344: 1 | F344: 1 | G344: 1 | H344: 0.6 | I344: 0.6 | J344: 0.6 | K344: 0.9 | L344: 0.6 | M344: 1 | N344: 1 | O344: 0.9 | P344: 1 | Q344: 0.6 | R344: 0.6 | S344: 0.6 | T344: 0.6 | U344: 0.6 | V344: 0.6 | W344: 0.6 | X344: 0.6 | Y344: 0.6 | Z344: 0.6 | AA344: 0.6 | AB344: 0.6 | AC344: 0.6 | AD344: 0.9
A345: =A344+1 -> 45940 | B345: 0.6 | C345: 0.6 | D345: 0.6 | E345: 1 | F345: 1 | G345: 1 | H345: 0.6 | I345: 0.6 | J345: 0.6 | K345: 0.9 | L345: 0.6 | M345: 1 | N345: 1 | O345: 0.9 | P345: 1 | Q345: 0.6 | R345: 0.6 | S345: 0.6 | T345: 0.6 | U345: 0.6 | V345: 0.6 | W345: 0.6 | X345: 0.6 | Y345: 0.6 | Z345: 0.6 | AA345: 0.6 | AB345: 0.6 | AC345: 0.6 | AD345: 0.9
A346: =A345+1 -> 45941 | B346: 0.6 | C346: 0.6 | D346: 0.6 | E346: 1 | F346: 1 | G346: 1 | H346: 0.6 | I346: 0.6 | J346: 0.6 | K346: 0.9 | L346: 0.6 | M346: 1 | N346: 1 | O346: 0.9 | P346: 1 | Q346: 0.6 | R346: 0.6 | S346: 0.6 | T346: 0.6 | U346: 0.6 | V346: 0.6 | W346: 0.6 | X346: 0.6 | Y346: 0.6 | Z346: 0.6 | AA346: 0.6 | AB346: 0.6 | AC346: 0.6 | AD346: 0.9
A347: =A346+1 -> 45942 | B347: 0.6 | C347: 0.6 | D347: 0.6 | E347: 1 | F347: 1 | G347: 1 | H347: 0.6 | I347: 0.6 | J347: 0.6 | K347: 0.9 | L347: 0.6 | M347: 1 | N347: 1 | O347: 0.9 | P347: 1 | Q347: 0.6 | R347: 0.6 | S347: 0.6 | T347: 0.6 | U347: 0.6 | V347: 0.6 | W347: 0.6 | X347: 0.6 | Y347: 0.6 | Z347: 0.6 | AA347: 0.6 | AB347: 0.6 | AC347: 0.6 | AD347: 0.9
A348: =A347+1 -> 45943 | B348: 0.6 | C348: 0.6 | D348: 0.6 | E348: 1 | F348: 1 | G348: 1 | H348: 0.6 | I348: 0.6 | J348: 0.6 | K348: 0.9 | L348: 0.6 | M348: 1 | N348: 1 | O348: 0.9 | P348: 1 | Q348: 0.6 | R348: 0.6 | S348: 0.6 | T348: 0.6 | U348: 0.6 | V348: 0.6 | W348: 0.6 | X348: 0.6 | Y348: 0.6 | Z348: 0.6 | AA348: 0.6 | AB348: 0.6 | AC348: 0.6 | AD348: 0.9
... A621: =A620+1 -> 46216 | B621: 0.6 | C621: 0.6 | D621: 0.6 | E621: 1 | F621: 1 | G621: 1 | H621: 0.6 | I621: 0.6 | J621: 0.6 | K621: 0.9 | L621: 0.6 | M621: 1 | N621: 1 | O621: 0.9 | P621: 1 | Q621: 0.6 | R621: 0.6 | S621: 0.6 | T621: 0.6 | U621: 0.6 | V621: 0.6 | W621: 0.6 | X621: 0.6 | Y621: 0.6 | Z621: 0.6 | AA621: 0.6 | AB621: 1 | AC621: 0.6 | AD621: 0.9
A622: =A621+1 -> 46217 | B622: =IFERROR( Hours!D622/SUM(Hours!$D622:$Z622),) | C622: =IFERROR( Hours!F622/SUM(Hours!$D622:$Z622),) | D622: =IFERROR( Hours!G622/SUM(Hours!$D622:$Z622),) | E622: =IFERROR( Hours!C622/SUM(Hours!$D622:$Z622),) | F622: =IFERROR( Hours!H622/SUM(Hours!$D622:$Z622),) | G622: =IFERROR( Hours!I622/SUM(Hours!$D622:$Z622),) | H622: =IFERROR( Hours!J622/SUM(Hours!$D622:$Z622),) | I622: =IFERROR( Hours!K622/SUM(Hours!$D622:$Z622),) | J622: =IFERROR( Hours!L622/SUM(Hours!$D622:$Z622),) | K622: =IFERROR( Hours!M622/SUM(Hours!$D622:$Z622),) | L622: =IFERROR( Hours!N622/SUM(Hours!$D622:$Z622),) | M622: =IFERROR( Hours!B622/SUM(Hours!$D622:$Z622),) | N622: =IFERROR( Hours!O622/SUM(Hours!$D622:$Z622),) | O622: =IFERROR( Hours!E622/SUM(Hours!$D622:$Z622),) | P622: =IFERROR( Hours!P622/SUM(Hours!$D622:$Z622),) | Q622: =IFERROR( Hours!Q622/SUM(Hours!$D622:$Z622),) | R622: =IFERROR( Hours!R622/SUM(Hours!$D622:$Z622),) | S622: =IFERROR( Hours!S622/SUM(Hours!$D622:$Z622),)
A623: =A622+1 -> 46218 | B623: =IFERROR( Hours!D623/SUM(Hours!$D623:$Z623),) | C623: =IFERROR( Hours!F623/SUM(Hours!$D623:$Z623),) | D623: =IFERROR( Hours!G623/SUM(Hours!$D623:$Z623),) | E623: =IFERROR( Hours!C623/SUM(Hours!$D623:$Z623),) | F623: =IFERROR( Hours!H623/SUM(Hours!$D623:$Z623),) | G623: =IFERROR( Hours!I623/SUM(Hours!$D623:$Z623),) | H623: =IFERROR( Hours!J623/SUM(Hours!$D623:$Z623),) | I623: =IFERROR( Hours!K623/SUM(Hours!$D623:$Z623),) | J623: =IFERROR( Hours!L623/SUM(Hours!$D623:$Z623),) | K623: =IFERROR( Hours!M623/SUM(Hours!$D623:$Z623),) | L623: =IFERROR( Hours!N623/SUM(Hours!$D623:$Z623),) | M623: =IFERROR( Hours!B623/SUM(Hours!$D623:$Z623),) | N623: =IFERROR( Hours!O623/SUM(Hours!$D623:$Z623),) | O623: =IFERROR( Hours!E623/SUM(Hours!$D623:$Z623),) | P623: =IFERROR( Hours!P623/SUM(Hours!$D623:$Z623),) | Q623: =IFERROR( Hours!Q623/SUM(Hours!$D623:$Z623),) | R623: =IFERROR( Hours!R623/SUM(Hours!$D623:$Z623),) | S623: =IFERROR( Hours!S623/SUM(Hours!$D623:$Z623),)
A624: =A623+1 -> 46219 | B624: =IFERROR( Hours!D624/SUM(Hours!$D624:$Z624),) | C624: =IFERROR( Hours!F624/SUM(Hours!$D624:$Z624),) | D624: =IFERROR( Hours!G624/SUM(Hours!$D624:$Z624),) | E624: =IFERROR( Hours!C624/SUM(Hours!$D624:$Z624),) | F624: =IFERROR( Hours!H624/SUM(Hours!$D624:$Z624),) | G624: =IFERROR( Hours!I624/SUM(Hours!$D624:$Z624),) | H624: =IFERROR( Hours!J624/SUM(Hours!$D624:$Z624),) | I624: =IFERROR( Hours!K624/SUM(Hours!$D624:$Z624),) | J624: =IFERROR( Hours!L624/SUM(Hours!$D624:$Z624),) | K624: =IFERROR( Hours!M624/SUM(Hours!$D624:$Z624),) | L624: =IFERROR( Hours!N624/SUM(Hours!$D624:$Z624),) | M624: =IFERROR( Hours!B624/SUM(Hours!$D624:$Z624),) | N624: =IFERROR( Hours!O624/SUM(Hours!$D624:$Z624),) | O624: =IFERROR( Hours!E624/SUM(Hours!$D624:$Z624),) | P624: =IFERROR( Hours!P624/SUM(Hours!$D624:$Z624),) | Q624: =IFERROR( Hours!Q624/SUM(Hours!$D624:$Z624),) | R624: =IFERROR( Hours!R624/SUM(Hours!$D624:$Z624),) | S624: =IFERROR( Hours!S624/SUM(Hours!$D624:$Z624),)
A625: =A624+1 -> 46220 | B625: =IFERROR( Hours!D625/SUM(Hours!$D625:$Z625),) | C625: =IFERROR( Hours!F625/SUM(Hours!$D625:$Z625),) | D625: =IFERROR( Hours!G625/SUM(Hours!$D625:$Z625),) | E625: =IFERROR( Hours!C625/SUM(Hours!$D625:$Z625),) | F625: =IFERROR( Hours!H625/SUM(Hours!$D625:$Z625),) | G625: =IFERROR( Hours!I625/SUM(Hours!$D625:$Z625),) | H625: =IFERROR( Hours!J625/SUM(Hours!$D625:$Z625),) | I625: =IFERROR( Hours!K625/SUM(Hours!$D625:$Z625),) | J625: =IFERROR( Hours!L625/SUM(Hours!$D625:$Z625),) | K625: =IFERROR( Hours!M625/SUM(Hours!$D625:$Z625),) | L625: =IFERROR( Hours!N625/SUM(Hours!$D625:$Z625),) | M625: =IFERROR( Hours!B625/SUM(Hours!$D625:$Z625),) | N625: =IFERROR( Hours!O625/SUM(Hours!$D625:$Z625),) | O625: =IFERROR( Hours!E625/SUM(Hours!$D625:$Z625),) | P625: =IFERROR( Hours!P625/SUM(Hours!$D625:$Z625),) | Q625: =IFERROR( Hours!Q625/SUM(Hours!$D625:$Z625),) | R625: =IFERROR( Hours!R625/SUM(Hours!$D625:$Z625),) | S625: =IFERROR( Hours!S625/SUM(Hours!$D625:$Z625),)
A626: =A625+1 -> 46221 | B626: =IFERROR( Hours!D626/SUM(Hours!$D626:$Z626),) | C626: =IFERROR( Hours!F626/SUM(Hours!$D626:$Z626),) | D626: =IFERROR( Hours!G626/SUM(Hours!$D626:$Z626),) | E626: =IFERROR( Hours!C626/SUM(Hours!$D626:$Z626),) | F626: =IFERROR( Hours!H626/SUM(Hours!$D626:$Z626),) | G626: =IFERROR( Hours!I626/SUM(Hours!$D626:$Z626),) | H626: =IFERROR( Hours!J626/SUM(Hours!$D626:$Z626),) | I626: =IFERROR( Hours!K626/SUM(Hours!$D626:$Z626),) | J626: =IFERROR( Hours!L626/SUM(Hours!$D626:$Z626),) | K626: =IFERROR( Hours!M626/SUM(Hours!$D626:$Z626),) | L626: =IFERROR( Hours!N626/SUM(Hours!$D626:$Z626),) | M626: =IFERROR( Hours!B626/SUM(Hours!$D626:$Z626),) | N626: =IFERROR( Hours!O626/SUM(Hours!$D626:$Z626),) | O626: =IFERROR( Hours!E626/SUM(Hours!$D626:$Z626),) | P626: =IFERROR( Hours!P626/SUM(Hours!$D626:$Z626),) | Q626: =IFERROR( Hours!Q626/SUM(Hours!$D626:$Z626),) | R626: =IFERROR( Hours!R626/SUM(Hours!$D626:$Z626),) | S626: =IFERROR( Hours!S626/SUM(Hours!$D626:$Z626),)
A627: =A626+1 -> 46222 | B627: =IFERROR( Hours!D627/SUM(Hours!$D627:$Z627),) | C627: =IFERROR( Hours!F627/SUM(Hours!$D627:$Z627),) | D627: =IFERROR( Hours!G627/SUM(Hours!$D627:$Z627),) | E627: =IFERROR( Hours!C627/SUM(Hours!$D627:$Z627),) | F627: =IFERROR( Hours!H627/SUM(Hours!$D627:$Z627),) | G627: =IFERROR( Hours!I627/SUM(Hours!$D627:$Z627),) | H627: =IFERROR( Hours!J627/SUM(Hours!$D627:$Z627),) | I627: =IFERROR( Hours!K627/SUM(Hours!$D627:$Z627),) | J627: =IFERROR( Hours!L627/SUM(Hours!$D627:$Z627),) | K627: =IFERROR( Hours!M627/SUM(Hours!$D627:$Z627),) | L627: =IFERROR( Hours!N627/SUM(Hours!$D627:$Z627),) | M627: =IFERROR( Hours!B627/SUM(Hours!$D627:$Z627),) | N627: =IFERROR( Hours!O627/SUM(Hours!$D627:$Z627),) | O627: =IFERROR( Hours!E627/SUM(Hours!$D627:$Z627),) | P627: =IFERROR( Hours!P627/SUM(Hours!$D627:$Z627),) | Q627: =IFERROR( Hours!Q627/SUM(Hours!$D627:$Z627),) | R627: =IFERROR( Hours!R627/SUM(Hours!$D627:$Z627),) | S627: =IFERROR( Hours!S627/SUM(Hours!$D627:$Z627),)
A628: =A627+1 -> 46223 | B628: =IFERROR( Hours!D628/SUM(Hours!$D628:$Z628),) | C628: =IFERROR( Hours!F628/SUM(Hours!$D628:$Z628),) | D628: =IFERROR( Hours!G628/SUM(Hours!$D628:$Z628),) | E628: =IFERROR( Hours!C628/SUM(Hours!$D628:$Z628),) | F628: =IFERROR( Hours!H628/SUM(Hours!$D628:$Z628),) | G628: =IFERROR( Hours!I628/SUM(Hours!$D628:$Z628),) | H628: =IFERROR( Hours!J628/SUM(Hours!$D628:$Z628),) | I628: =IFERROR( Hours!K628/SUM(Hours!$D628:$Z628),) | J628: =IFERROR( Hours!L628/SUM(Hours!$D628:$Z628),) | K628: =IFERROR( Hours!M628/SUM(Hours!$D628:$Z628),) | L628: =IFERROR( Hours!N628/SUM(Hours!$D628:$Z628),) | M628: =IFERROR( Hours!B628/SUM(Hours!$D628:$Z628),) | N628: =IFERROR( Hours!O628/SUM(Hours!$D628:$Z628),) | O628: =IFERROR( Hours!E628/SUM(Hours!$D628:$Z628),) | P628: =IFERROR( Hours!P628/SUM(Hours!$D628:$Z628),) | Q628: =IFERROR( Hours!Q628/SUM(Hours!$D628:$Z628),) | R628: =IFERROR( Hours!R628/SUM(Hours!$D628:$Z628),) | S628: =IFERROR( Hours!S628/SUM(Hours!$D628:$Z628),)
A629: =A628+1 -> 46224 | B629: =IFERROR( Hours!D629/SUM(Hours!$D629:$Z629),) | C629: =IFERROR( Hours!F629/SUM(Hours!$D629:$Z629),) | D629: =IFERROR( Hours!G629/SUM(Hours!$D629:$Z629),) | E629: =IFERROR( Hours!C629/SUM(Hours!$D629:$Z629),) | F629: =IFERROR( Hours!H629/SUM(Hours!$D629:$Z629),) | G629: =IFERROR( Hours!I629/SUM(Hours!$D629:$Z629),) | H629: =IFERROR( Hours!J629/SUM(Hours!$D629:$Z629),) | I629: =IFERROR( Hours!K629/SUM(Hours!$D629:$Z629),) | J629: =IFERROR( Hours!L629/SUM(Hours!$D629:$Z629),) | K629: =IFERROR( Hours!M629/SUM(Hours!$D629:$Z629),) | L629: =IFERROR( Hours!N629/SUM(Hours!$D629:$Z629),) | M629: =IFERROR( Hours!B629/SUM(Hours!$D629:$Z629),) | N629: =IFERROR( Hours!O629/SUM(Hours!$D629:$Z629),) | O629: =IFERROR( Hours!E629/SUM(Hours!$D629:$Z629),) | P629: =IFERROR( Hours!P629/SUM(Hours!$D629:$Z629),) | Q629: =IFERROR( Hours!Q629/SUM(Hours!$D629:$Z629),) | R629: =IFERROR( Hours!R629/SUM(Hours!$D629:$Z629),) | S629: =IFERROR( Hours!S629/SUM(Hours!$D629:$Z629),)
A630: =A629+1 -> 46225 | B630: =IFERROR( Hours!D630/SUM(Hours!$D630:$Z630),) | C630: =IFERROR( Hours!F630/SUM(Hours!$D630:$Z630),) | D630: =IFERROR( Hours!G630/SUM(Hours!$D630:$Z630),) | E630: =IFERROR( Hours!C630/SUM(Hours!$D630:$Z630),) | F630: =IFERROR( Hours!H630/SUM(Hours!$D630:$Z630),) | G630: =IFERROR( Hours!I630/SUM(Hours!$D630:$Z630),) | H630: =IFERROR( Hours!J630/SUM(Hours!$D630:$Z630),) | I630: =IFERROR( Hours!K630/SUM(Hours!$D630:$Z630),) | J630: =IFERROR( Hours!L630/SUM(Hours!$D630:$Z630),) | K630: =IFERROR( Hours!M630/SUM(Hours!$D630:$Z630),) | L630: =IFERROR( Hours!N630/SUM(Hours!$D630:$Z630),) | M630: =IFERROR( Hours!B630/SUM(Hours!$D630:$Z630),) | N630: =IFERROR( Hours!O630/SUM(Hours!$D630:$Z630),) | O630: =IFERROR( Hours!E630/SUM(Hours!$D630:$Z630),) | P630: =IFERROR( Hours!P630/SUM(Hours!$D630:$Z630),) | Q630: =IFERROR( Hours!Q630/SUM(Hours!$D630:$Z630),) | R630: =IFERROR( Hours!R630/SUM(Hours!$D630:$Z630),) | S630: =IFERROR( Hours!S630/SUM(Hours!$D630:$Z630),)
A631: =A630+1 -> 46226 | B631: =IFERROR( Hours!D631/SUM(Hours!$D631:$Z631),) | C631: =IFERROR( Hours!F631/SUM(Hours!$D631:$Z631),) | D631: =IFERROR( Hours!G631/SUM(Hours!$D631:$Z631),) | E631: =IFERROR( Hours!C631/SUM(Hours!$D631:$Z631),) | F631: =IFERROR( Hours!H631/SUM(Hours!$D631:$Z631),) | G631: =IFERROR( Hours!I631/SUM(Hours!$D631:$Z631),) | H631: =IFERROR( Hours!J631/SUM(Hours!$D631:$Z631),) | I631: =IFERROR( Hours!K631/SUM(Hours!$D631:$Z631),) | J631: =IFERROR( Hours!L631/SUM(Hours!$D631:$Z631),) | K631: =IFERROR( Hours!M631/SUM(Hours!$D631:$Z631),) | L631: =IFERROR( Hours!N631/SUM(Hours!$D631:$Z631),) | M631: =IFERROR( Hours!B631/SUM(Hours!$D631:$Z631),) | N631: =IFERROR( Hours!O631/SUM(Hours!$D631:$Z631),) | O631: =IFERROR( Hours!E631/SUM(Hours!$D631:$Z631),) | P631: =IFERROR( Hours!P631/SUM(Hours!$D631:$Z631),) | Q631: =IFERROR( Hours!Q631/SUM(Hours!$D631:$Z631),) | R631: =IFERROR( Hours!R631/SUM(Hours!$D631:$Z631),) | S631: =IFERROR( Hours!S631/SUM(Hours!$D631:$Z631),)
A632: =A631+1 -> 46227 | B632: =IFERROR( Hours!D632/SUM(Hours!$D632:$Z632),) | C632: =IFERROR( Hours!F632/SUM(Hours!$D632:$Z632),) | D632: =IFERROR( Hours!G632/SUM(Hours!$D632:$Z632),) | E632: =IFERROR( Hours!C632/SUM(Hours!$D632:$Z632),) | F632: =IFERROR( Hours!H632/SUM(Hours!$D632:$Z632),) | G632: =IFERROR( Hours!I632/SUM(Hours!$D632:$Z632),) | H632: =IFERROR( Hours!J632/SUM(Hours!$D632:$Z632),) | I632: =IFERROR( Hours!K632/SUM(Hours!$D632:$Z632),) | J632: =IFERROR( Hours!L632/SUM(Hours!$D632:$Z632),) | K632: =IFERROR( Hours!M632/SUM(Hours!$D632:$Z632),) | L632: =IFERROR( Hours!N632/SUM(Hours!$D632:$Z632),) | M632: =IFERROR( Hours!B632/SUM(Hours!$D632:$Z632),) | N632: =IFERROR( Hours!O632/SUM(Hours!$D632:$Z632),) | O632: =IFERROR( Hours!E632/SUM(Hours!$D632:$Z632),) | P632: =IFERROR( Hours!P632/SUM(Hours!$D632:$Z632),) | Q632: =IFERROR( Hours!Q632/SUM(Hours!$D632:$Z632),) | R632: =IFERROR( Hours!R632/SUM(Hours!$D632:$Z632),) | S632: =IFERROR( Hours!S632/SUM(Hours!$D632:$Z632),)
A633: =A632+1 -> 46228 | B633: =IFERROR( Hours!D633/SUM(Hours!$D633:$Z633),) | C633: =IFERROR( Hours!F633/SUM(Hours!$D633:$Z633),) | D633: =IFERROR( Hours!G633/SUM(Hours!$D633:$Z633),) | E633: =IFERROR( Hours!C633/SUM(Hours!$D633:$Z633),) | F633: =IFERROR( Hours!H633/SUM(Hours!$D633:$Z633),) | G633: =IFERROR( Hours!I633/SUM(Hours!$D633:$Z633),) | H633: =IFERROR( Hours!J633/SUM(Hours!$D633:$Z633),) | I633: =IFERROR( Hours!K633/SUM(Hours!$D633:$Z633),) | J633: =IFERROR( Hours!L633/SUM(Hours!$D633:$Z633),) | K633: =IFERROR( Hours!M633/SUM(Hours!$D633:$Z633),) | L633: =IFERROR( Hours!N633/SUM(Hours!$D633:$Z633),) | M633: =IFERROR( Hours!B633/SUM(Hours!$D633:$Z633),) | N633: =IFERROR( Hours!O633/SUM(Hours!$D633:$Z633),) | O633: =IFERROR( Hours!E633/SUM(Hours!$D633:$Z633),) | P633: =IFERROR( Hours!P633/SUM(Hours!$D633:$Z633),) | Q633: =IFERROR( Hours!Q633/SUM(Hours!$D633:$Z633),) | R633: =IFERROR( Hours!R633/SUM(Hours!$D633:$Z633),) | S633: =IFERROR( Hours!S633/SUM(Hours!$D633:$Z633),)
... A659: =A658+1 -> 46254 | B659: =IFERROR( Hours!D659/SUM(Hours!$D659:$Z659),) | C659: =IFERROR( Hours!F659/SUM(Hours!$D659:$Z659),) | D659: =IFERROR( Hours!G659/SUM(Hours!$D659:$Z659),) | E659: =IFERROR( Hours!C659/SUM(Hours!$D659:$Z659),) | F659: =IFERROR( Hours!H659/SUM(Hours!$D659:$Z659),) | G659: =IFERROR( Hours!I659/SUM(Hours!$D659:$Z659),) | H659: =IFERROR( Hours!J659/SUM(Hours!$D659:$Z659),) | I659: =IFERROR( Hours!K659/SUM(Hours!$D659:$Z659),) | J659: =IFERROR( Hours!L659/SUM(Hours!$D659:$Z659),) | K659: =IFERROR( Hours!M659/SUM(Hours!$D659:$Z659),) | L659: =IFERROR( Hours!N659/SUM(Hours!$D659:$Z659),) | M659: =IFERROR( Hours!B659/SUM(Hours!$D659:$Z659),) | N659: =IFERROR( Hours!O659/SUM(Hours!$D659:$Z659),) | O659: =IFERROR( Hours!E659/SUM(Hours!$D659:$Z659),) | P659: =IFERROR( Hours!P659/SUM(Hours!$D659:$Z659),) | Q659: =IFERROR( Hours!Q659/SUM(Hours!$D659:$Z659),) | R659: =IFERROR( Hours!R659/SUM(Hours!$D659:$Z659),) | S659: =IFERROR( Hours!S659/SUM(Hours!$D659:$Z659),)
A660: =A659+1 -> 46255 | H660: #N/A | J660: #N/A | L660: #N/A
A661: =A660+1 -> 46256 | H661: #N/A | J661: #N/A | L661: #N/A
A662: =A661+1 -> 46257 | H662: #N/A | J662: #N/A | L662: #N/A
A663: =A662+1 -> 46258 | H663: #N/A | J663: #N/A | L663: #N/A
A664: =A663+1 -> 46259 | H664: #N/A | J664: #N/A | L664: #N/A
A665: =A664+1 -> 46260 | H665: #N/A | J665: #N/A | L665: #N/A
A666: =A665+1 -> 46261 | H666: #N/A | J666: #N/A | L666: #N/A
A667: =A666+1 -> 46262 | H667: #N/A | J667: #N/A | L667: #N/A
A668: =A667+1 -> 46263 | H668: #N/A | J668: #N/A | L668: #N/A
A669: =A668+1 -> 46264 | H669: #N/A | J669: #N/A | L669: #N/A
A670: =A669+1 -> 46265 | H670: #N/A | J670: #N/A | L670: #N/A
A671: =A670+1 -> 46266 | H671: #N/A | J671: #N/A | L671: #N/A
... A781: =A780+1 -> 46376 | H781: #N/A | J781: #N/A | L781: #N/A
B782: #N/A | C782: #N/A | D782: #N/A | E782: #N/A | F782: #N/A | G782: #N/A | H782: #N/A | I782: #N/A | J782: #N/A | K782: #N/A | L782: #N/A | M782: #N/A | N782: #N/A | O782: #N/A
B783: =VLOOKUP($A783,'2025'!$C:$Z,MATCH(B$1,'2025'!$C$1:$Z$1,0)) -> #N/A | C783: =VLOOKUP($A783,'2025'!$C:$Z,MATCH(C$1,'2025'!$C$1:$Z$1,0)) -> #N/A | D783: =VLOOKUP($A783,'2025'!$C:$Z,MATCH(D$1,'2025'!$C$1:$Z$1,0)) -> #N/A | E783: =VLOOKUP($A783,'2025'!$C:$Z,MATCH(E$1,'2025'!$C$1:$Z$1,0)) -> #N/A | F783: =VLOOKUP($A783,'2025'!$C:$Z,MATCH(F$1,'2025'!$C$1:$Z$1,0)) -> #N/A | G783: =VLOOKUP($A783,'2025'!$C:$Z,MATCH(G$1,'2025'!$C$1:$Z$1,0)) -> #N/A | H783: =VLOOKUP($A783,'2025'!$C:$Z,MATCH(H$1,'2025'!$C$1:$Z$1,0)) -> #N/A | I783: =VLOOKUP($A783,'2025'!$C:$Z,MATCH(I$1,'2025'!$C$1:$Z$1,0)) -> #N/A | ... O783: =VLOOKUP($A783,'2025'!$C:$Z,MATCH(O$1,'2025'!$C$1:$Z$1,0)) -> #N/A
B784: =VLOOKUP($A784,'2025'!$C:$Z,MATCH(B$1,'2025'!$C$1:$Z$1,0)) -> #N/A | C784: =VLOOKUP($A784,'2025'!$C:$Z,MATCH(C$1,'2025'!$C$1:$Z$1,0)) -> #N/A | D784: =VLOOKUP($A784,'2025'!$C:$Z,MATCH(D$1,'2025'!$C$1:$Z$1,0)) -> #N/A | E784: =VLOOKUP($A784,'2025'!$C:$Z,MATCH(E$1,'2025'!$C$1:$Z$1,0)) -> #N/A | F784: =VLOOKUP($A784,'2025'!$C:$Z,MATCH(F$1,'2025'!$C$1:$Z$1,0)) -> #N/A | G784: =VLOOKUP($A784,'2025'!$C:$Z,MATCH(G$1,'2025'!$C$1:$Z$1,0)) -> #N/A | H784: =VLOOKUP($A784,'2025'!$C:$Z,MATCH(H$1,'2025'!$C$1:$Z$1,0)) -> #N/A | I784: =VLOOKUP($A784,'2025'!$C:$Z,MATCH(I$1,'2025'!$C$1:$Z$1,0)) -> #N/A | ... O784: =VLOOKUP($A784,'2025'!$C:$Z,MATCH(O$1,'2025'!$C$1:$Z$1,0)) -> #N/A
B785: =VLOOKUP($A785,'2025'!$C:$Z,MATCH(B$1,'2025'!$C$1:$Z$1,0)) -> #N/A | C785: =VLOOKUP($A785,'2025'!$C:$Z,MATCH(C$1,'2025'!$C$1:$Z$1,0)) -> #N/A | D785: =VLOOKUP($A785,'2025'!$C:$Z,MATCH(D$1,'2025'!$C$1:$Z$1,0)) -> #N/A | E785: =VLOOKUP($A785,'2025'!$C:$Z,MATCH(E$1,'2025'!$C$1:$Z$1,0)) -> #N/A | F785: =VLOOKUP($A785,'2025'!$C:$Z,MATCH(F$1,'2025'!$C$1:$Z$1,0)) -> #N/A | G785: =VLOOKUP($A785,'2025'!$C:$Z,MATCH(G$1,'2025'!$C$1:$Z$1,0)) -> #N/A | H785: =VLOOKUP($A785,'2025'!$C:$Z,MATCH(H$1,'2025'!$C$1:$Z$1,0)) -> #N/A | I785: =VLOOKUP($A785,'2025'!$C:$Z,MATCH(I$1,'2025'!$C$1:$Z$1,0)) -> #N/A | ... O785: =VLOOKUP($A785,'2025'!$C:$Z,MATCH(O$1,'2025'!$C$1:$Z$1,0)) -> #N/A
B786: =VLOOKUP($A786,'2025'!$C:$Z,MATCH(B$1,'2025'!$C$1:$Z$1,0)) -> #N/A | C786: =VLOOKUP($A786,'2025'!$C:$Z,MATCH(C$1,'2025'!$C$1:$Z$1,0)) -> #N/A | D786: =VLOOKUP($A786,'2025'!$C:$Z,MATCH(D$1,'2025'!$C$1:$Z$1,0)) -> #N/A | E786: =VLOOKUP($A786,'2025'!$C:$Z,MATCH(E$1,'2025'!$C$1:$Z$1,0)) -> #N/A | F786: =VLOOKUP($A786,'2025'!$C:$Z,MATCH(F$1,'2025'!$C$1:$Z$1,0)) -> #N/A | G786: =VLOOKUP($A786,'2025'!$C:$Z,MATCH(G$1,'2025'!$C$1:$Z$1,0)) -> #N/A | H786: =VLOOKUP($A786,'2025'!$C:$Z,MATCH(H$1,'2025'!$C$1:$Z$1,0)) -> #N/A | I786: =VLOOKUP($A786,'2025'!$C:$Z,MATCH(I$1,'2025'!$C$1:$Z$1,0)) -> #N/A | ... O786: =VLOOKUP($A786,'2025'!$C:$Z,MATCH(O$1,'2025'!$C$1:$Z$1,0)) -> #N/A
B787: =VLOOKUP($A787,'2025'!$C:$Z,MATCH(B$1,'2025'!$C$1:$Z$1,0)) -> #N/A | C787: =VLOOKUP($A787,'2025'!$C:$Z,MATCH(C$1,'2025'!$C$1:$Z$1,0)) -> #N/A | D787: =VLOOKUP($A787,'2025'!$C:$Z,MATCH(D$1,'2025'!$C$1:$Z$1,0)) -> #N/A | E787: =VLOOKUP($A787,'2025'!$C:$Z,MATCH(E$1,'2025'!$C$1:$Z$1,0)) -> #N/A | F787: =VLOOKUP($A787,'2025'!$C:$Z,MATCH(F$1,'2025'!$C$1:$Z$1,0)) -> #N/A | G787: =VLOOKUP($A787,'2025'!$C:$Z,MATCH(G$1,'2025'!$C$1:$Z$1,0)) -> #N/A | H787: =VLOOKUP($A787,'2025'!$C:$Z,MATCH(H$1,'2025'!$C$1:$Z$1,0)) -> #N/A | I787: =VLOOKUP($A787,'2025'!$C:$Z,MATCH(I$1,'2025'!$C$1:$Z$1,0)) -> #N/A | ... O787: =VLOOKUP($A787,'2025'!$C:$Z,MATCH(O$1,'2025'!$C$1:$Z$1,0)) -> #N/A
B788: =VLOOKUP($A788,'2025'!$C:$Z,MATCH(B$1,'2025'!$C$1:$Z$1,0)) -> #N/A | C788: =VLOOKUP($A788,'2025'!$C:$Z,MATCH(C$1,'2025'!$C$1:$Z$1,0)) -> #N/A | D788: =VLOOKUP($A788,'2025'!$C:$Z,MATCH(D$1,'2025'!$C$1:$Z$1,0)) -> #N/A | E788: =VLOOKUP($A788,'2025'!$C:$Z,MATCH(E$1,'2025'!$C$1:$Z$1,0)) -> #N/A | F788: =VLOOKUP($A788,'2025'!$C:$Z,MATCH(F$1,'2025'!$C$1:$Z$1,0)) -> #N/A | G788: =VLOOKUP($A788,'2025'!$C:$Z,MATCH(G$1,'2025'!$C$1:$Z$1,0)) -> #N/A | H788: =VLOOKUP($A788,'2025'!$C:$Z,MATCH(H$1,'2025'!$C$1:$Z$1,0)) -> #N/A | I788: =VLOOKUP($A788,'2025'!$C:$Z,MATCH(I$1,'2025'!$C$1:$Z$1,0)) -> #N/A | ... O788: =VLOOKUP($A788,'2025'!$C:$Z,MATCH(O$1,'2025'!$C$1:$Z$1,0)) -> #N/A
B789: =VLOOKUP($A789,'2025'!$C:$Z,MATCH(B$1,'2025'!$C$1:$Z$1,0)) -> #N/A | C789: =VLOOKUP($A789,'2025'!$C:$Z,MATCH(C$1,'2025'!$C$1:$Z$1,0)) -> #N/A | D789: =VLOOKUP($A789,'2025'!$C:$Z,MATCH(D$1,'2025'!$C$1:$Z$1,0)) -> #N/A | E789: =VLOOKUP($A789,'2025'!$C:$Z,MATCH(E$1,'2025'!$C$1:$Z$1,0)) -> #N/A | F789: =VLOOKUP($A789,'2025'!$C:$Z,MATCH(F$1,'2025'!$C$1:$Z$1,0)) -> #N/A | G789: =VLOOKUP($A789,'2025'!$C:$Z,MATCH(G$1,'2025'!$C$1:$Z$1,0)) -> #N/A | H789: =VLOOKUP($A789,'2025'!$C:$Z,MATCH(H$1,'2025'!$C$1:$Z$1,0)) -> #N/A | I789: =VLOOKUP($A789,'2025'!$C:$Z,MATCH(I$1,'2025'!$C$1:$Z$1,0)) -> #N/A | ... O789: =VLOOKUP($A789,'2025'!$C:$Z,MATCH(O$1,'2025'!$C$1:$Z$1,0)) -> #N/A
B790: =VLOOKUP($A790,'2025'!$C:$Z,MATCH(B$1,'2025'!$C$1:$Z$1,0)) -> #N/A | C790: =VLOOKUP($A790,'2025'!$C:$Z,MATCH(C$1,'2025'!$C$1:$Z$1,0)) -> #N/A | D790: =VLOOKUP($A790,'2025'!$C:$Z,MATCH(D$1,'2025'!$C$1:$Z$1,0)) -> #N/A | E790: =VLOOKUP($A790,'2025'!$C:$Z,MATCH(E$1,'2025'!$C$1:$Z$1,0)) -> #N/A | F790: =VLOOKUP($A790,'2025'!$C:$Z,MATCH(F$1,'2025'!$C$1:$Z$1,0)) -> #N/A | G790: =VLOOKUP($A790,'2025'!$C:$Z,MATCH(G$1,'2025'!$C$1:$Z$1,0)) -> #N/A | H790: =VLOOKUP($A790,'2025'!$C:$Z,MATCH(H$1,'2025'!$C$1:$Z$1,0)) -> #N/A | I790: =VLOOKUP($A790,'2025'!$C:$Z,MATCH(I$1,'2025'!$C$1:$Z$1,0)) -> #N/A | ... O790: =VLOOKUP($A790,'2025'!$C:$Z,MATCH(O$1,'2025'!$C$1:$Z$1,0)) -> #N/A
B791: =VLOOKUP($A791,'2025'!$C:$Z,MATCH(B$1,'2025'!$C$1:$Z$1,0)) -> #N/A | C791: =VLOOKUP($A791,'2025'!$C:$Z,MATCH(C$1,'2025'!$C$1:$Z$1,0)) -> #N/A | D791: =VLOOKUP($A791,'2025'!$C:$Z,MATCH(D$1,'2025'!$C$1:$Z$1,0)) -> #N/A | E791: =VLOOKUP($A791,'2025'!$C:$Z,MATCH(E$1,'2025'!$C$1:$Z$1,0)) -> #N/A | F791: =VLOOKUP($A791,'2025'!$C:$Z,MATCH(F$1,'2025'!$C$1:$Z$1,0)) -> #N/A | G791: =VLOOKUP($A791,'2025'!$C:$Z,MATCH(G$1,'2025'!$C$1:$Z$1,0)) -> #N/A | H791: =VLOOKUP($A791,'2025'!$C:$Z,MATCH(H$1,'2025'!$C$1:$Z$1,0)) -> #N/A | I791: =VLOOKUP($A791,'2025'!$C:$Z,MATCH(I$1,'2025'!$C$1:$Z$1,0)) -> #N/A | ... O791: =VLOOKUP($A791,'2025'!$C:$Z,MATCH(O$1,'2025'!$C$1:$Z$1,0)) -> #N/A
B792: =VLOOKUP($A792,'2025'!$C:$Z,MATCH(B$1,'2025'!$C$1:$Z$1,0)) -> #N/A | C792: =VLOOKUP($A792,'2025'!$C:$Z,MATCH(C$1,'2025'!$C$1:$Z$1,0)) -> #N/A | D792: =VLOOKUP($A792,'2025'!$C:$Z,MATCH(D$1,'2025'!$C$1:$Z$1,0)) -> #N/A | E792: =VLOOKUP($A792,'2025'!$C:$Z,MATCH(E$1,'2025'!$C$1:$Z$1,0)) -> #N/A | F792: =VLOOKUP($A792,'2025'!$C:$Z,MATCH(F$1,'2025'!$C$1:$Z$1,0)) -> #N/A | G792: =VLOOKUP($A792,'2025'!$C:$Z,MATCH(G$1,'2025'!$C$1:$Z$1,0)) -> #N/A | H792: =VLOOKUP($A792,'2025'!$C:$Z,MATCH(H$1,'2025'!$C$1:$Z$1,0)) -> #N/A | I792: =VLOOKUP($A792,'2025'!$C:$Z,MATCH(I$1,'2025'!$C$1:$Z$1,0)) -> #N/A | ... O792: =VLOOKUP($A792,'2025'!$C:$Z,MATCH(O$1,'2025'!$C$1:$Z$1,0)) -> #N/A
B793: =VLOOKUP($A793,'2025'!$C:$Z,MATCH(B$1,'2025'!$C$1:$Z$1,0)) -> #N/A | C793: =VLOOKUP($A793,'2025'!$C:$Z,MATCH(C$1,'2025'!$C$1:$Z$1,0)) -> #N/A | D793: =VLOOKUP($A793,'2025'!$C:$Z,MATCH(D$1,'2025'!$C$1:$Z$1,0)) -> #N/A | E793: =VLOOKUP($A793,'2025'!$C:$Z,MATCH(E$1,'2025'!$C$1:$Z$1,0)) -> #N/A | F793: =VLOOKUP($A793,'2025'!$C:$Z,MATCH(F$1,'2025'!$C$1:$Z$1,0)) -> #N/A | G793: =VLOOKUP($A793,'2025'!$C:$Z,MATCH(G$1,'2025'!$C$1:$Z$1,0)) -> #N/A | H793: =VLOOKUP($A793,'2025'!$C:$Z,MATCH(H$1,'2025'!$C$1:$Z$1,0)) -> #N/A | I793: =VLOOKUP($A793,'2025'!$C:$Z,MATCH(I$1,'2025'!$C$1:$Z$1,0)) -> #N/A | ... O793: =VLOOKUP($A793,'2025'!$C:$Z,MATCH(O$1,'2025'!$C$1:$Z$1,0)) -> #N/A
B794: =VLOOKUP($A794,'2025'!$C:$Z,MATCH(B$1,'2025'!$C$1:$Z$1,0)) -> #N/A | C794: =VLOOKUP($A794,'2025'!$C:$Z,MATCH(C$1,'2025'!$C$1:$Z$1,0)) -> #N/A | D794: =VLOOKUP($A794,'2025'!$C:$Z,MATCH(D$1,'2025'!$C$1:$Z$1,0)) -> #N/A | E794: =VLOOKUP($A794,'2025'!$C:$Z,MATCH(E$1,'2025'!$C$1:$Z$1,0)) -> #N/A | F794: =VLOOKUP($A794,'2025'!$C:$Z,MATCH(F$1,'2025'!$C$1:$Z$1,0)) -> #N/A | G794: =VLOOKUP($A794,'2025'!$C:$Z,MATCH(G$1,'2025'!$C$1:$Z$1,0)) -> #N/A | H794: =VLOOKUP($A794,'2025'!$C:$Z,MATCH(H$1,'2025'!$C$1:$Z$1,0)) -> #N/A | I794: =VLOOKUP($A794,'2025'!$C:$Z,MATCH(I$1,'2025'!$C$1:$Z$1,0)) -> #N/A | ... O794: =VLOOKUP($A794,'2025'!$C:$Z,MATCH(O$1,'2025'!$C$1:$Z$1,0)) -> #N/A
... B1104: =VLOOKUP($A1104,'2025'!$C:$Z,MATCH(B$1,'2025'!$C$1:$Z$1,0)) -> #N/A | C1104: =VLOOKUP($A1104,'2025'!$C:$Z,MATCH(C$1,'2025'!$C$1:$Z$1,0)) -> #N/A | D1104: =VLOOKUP($A1104,'2025'!$C:$Z,MATCH(D$1,'2025'!$C$1:$Z$1,0)) -> #N/A | E1104: =VLOOKUP($A1104,'2025'!$C:$Z,MATCH(E$1,'2025'!$C$1:$Z$1,0)) -> #N/A | F1104: =VLOOKUP($A1104,'2025'!$C:$Z,MATCH(F$1,'2025'!$C$1:$Z$1,0)) -> #N/A | G1104: =VLOOKUP($A1104,'2025'!$C:$Z,MATCH(G$1,'2025'!$C$1:$Z$1,0)) -> #N/A | H1104: =VLOOKUP($A1104,'2025'!$C:$Z,MATCH(H$1,'2025'!$C$1:$Z$1,0)) -> #N/A | I1104: =VLOOKUP($A1104,'2025'!$C:$Z,MATCH(I$1,'2025'!$C$1:$Z$1,0)) -> #N/A | ... O1104: =VLOOKUP($A1104,'2025'!$C:$Z,MATCH(O$1,'2025'!$C$1:$Z$1,0)) -> #N/A
B1105: =VLOOKUP(A1105,'2025'!C:D,2) -> #N/A
B1106: =VLOOKUP(A1106,'2025'!C:D,2) -> #N/A
B1107: =VLOOKUP(A1107,'2025'!C:D,2) -> #N/A
B1108: =VLOOKUP(A1108,'2025'!C:D,2) -> #N/A
B1109: =VLOOKUP(A1109,'2025'!C:D,2) -> #N/A
B1110: =VLOOKUP(A1110,'2025'!C:D,2) -> #N/A
B1111: =VLOOKUP(A1111,'2025'!C:D,2) -> #N/A
B1112: =VLOOKUP(A1112,'2025'!C:D,2) -> #N/A
B1113: =VLOOKUP(A1113,'2025'!C:D,2) -> #N/A
B1114: =VLOOKUP(A1114,'2025'!C:D,2) -> #N/A
B1115: =VLOOKUP(A1115,'2025'!C:D,2) -> #N/A
B1116: =VLOOKUP(A1116,'2025'!C:D,2) -> #N/A
... B1345: =VLOOKUP(A1345,'2025'!C:D,2) -> #N/A

Sheet Points
A1: Dates | B1: Αναστασία | C1: Αυτάπ | D1: Εύα | E1: Γιάννης | F1: Χριστιάνα | G1: Κρίστης | H1: Γκάμπριελ | I1: Τάνια | J1: Μαρίνα | K1: Ανέλια | L1: Ναταλία | M1: Παντελίτσα | N1: Μαρία | O1: Διομήδης | P1: Αμάντα | Q1: Ανθούλα | R1: Ραζβάν | S1: Σάντρα | T1: Κρεμένα | U1: Μυρτώ | V1: Λαουρέντζο | W1: Μαρήλια | X1: Μαίρη | Y1: Γκαλίνα | Z1: Μαίρη Ιεαχωβά | AA1: Χριστίνα | AB1: Καλομοίρα | AC1: Χασάν | AD1: Σοφία
A2: 45597 | B2: =Hours_dio!B2*WeightRole!B2 -> 2.4 | C2: =Hours_dio!C2*WeightRole!C2 -> 2.4 | D2: =Hours_dio!D2*WeightRole!D2 -> 2.4 | E2: =Hours_dio!E2*WeightRole!E2 -> 7 | F2: =Hours_dio!F2*WeightRole!F2 -> 6 | G2: =Hours_dio!G2*WeightRole!G2 -> 0 | H2: =Hours_dio!H2*WeightRole!H2 -> 1.2 | I2: =Hours_dio!I2*WeightRole!I2 -> 0 | ... X2: =Hours_dio!X2*WeightRole!X2 -> 0
A3: =A2+1 -> 45598 | B3: =Hours_dio!B3*WeightRole!B3 -> 2.4 | C3: =Hours_dio!C3*WeightRole!C3 -> 2.4 | D3: =Hours_dio!D3*WeightRole!D3 -> 2.4 | E3: =Hours_dio!E3*WeightRole!E3 -> 7 | F3: =Hours_dio!F3*WeightRole!F3 -> 6 | G3: =Hours_dio!G3*WeightRole!G3 -> 4 | H3: =Hours_dio!H3*WeightRole!H3 -> 0 | I3: =Hours_dio!I3*WeightRole!I3 -> 0 | ... X3: =Hours_dio!X3*WeightRole!X3 -> 0
A4: =A3+1 -> 45599 | B4: =Hours_dio!B4*WeightRole!B4 -> 2.4 | C4: =Hours_dio!C4*WeightRole!C4 -> 2.4 | D4: =Hours_dio!D4*WeightRole!D4 -> 2.4 | E4: =Hours_dio!E4*WeightRole!E4 -> 7 | F4: =Hours_dio!F4*WeightRole!F4 -> 6 | G4: =Hours_dio!G4*WeightRole!G4 -> 4 | H4: =Hours_dio!H4*WeightRole!H4 -> 1.2 | I4: =Hours_dio!I4*WeightRole!I4 -> 0 | ... X4: =Hours_dio!X4*WeightRole!X4 -> 0
A5: =A4+1 -> 45600 | B5: =Hours_dio!B5*WeightRole!B5 -> 0 | C5: =Hours_dio!C5*WeightRole!C5 -> 0 | D5: =Hours_dio!D5*WeightRole!D5 -> 0 | E5: =Hours_dio!E5*WeightRole!E5 -> 0 | F5: =Hours_dio!F5*WeightRole!F5 -> 0 | G5: =Hours_dio!G5*WeightRole!G5 -> 0 | H5: =Hours_dio!H5*WeightRole!H5 -> 0 | I5: =Hours_dio!I5*WeightRole!I5 -> 0 | ... X5: =Hours_dio!X5*WeightRole!X5 -> 0
A6: =A5+1 -> 45601 | B6: =Hours_dio!B6*WeightRole!B6 -> 2.4 | C6: =Hours_dio!C6*WeightRole!C6 -> 2.4 | D6: =Hours_dio!D6*WeightRole!D6 -> 2.4 | E6: =Hours_dio!E6*WeightRole!E6 -> 7 | F6: =Hours_dio!F6*WeightRole!F6 -> 6 | G6: =Hours_dio!G6*WeightRole!G6 -> 0 | H6: =Hours_dio!H6*WeightRole!H6 -> 1.2 | I6: =Hours_dio!I6*WeightRole!I6 -> 0 | ... X6: =Hours_dio!X6*WeightRole!X6 -> 0
A7: =A6+1 -> 45602 | B7: =Hours_dio!B7*WeightRole!B7 -> 1.2 | C7: =Hours_dio!C7*WeightRole!C7 -> 2.4 | D7: =Hours_dio!D7*WeightRole!D7 -> 2.4 | E7: =Hours_dio!E7*WeightRole!E7 -> 7 | F7: =Hours_dio!F7*WeightRole!F7 -> 6 | G7: =Hours_dio!G7*WeightRole!G7 -> 4 | H7: =Hours_dio!H7*WeightRole!H7 -> 1.2 | I7: =Hours_dio!I7*WeightRole!I7 -> 1.2 | ... X7: =Hours_dio!X7*WeightRole!X7 -> 0
A8: =A7+1 -> 45603 | B8: =Hours_dio!B8*WeightRole!B8 -> 2.4 | C8: =Hours_dio!C8*WeightRole!C8 -> 0 | D8: =Hours_dio!D8*WeightRole!D8 -> 2.4 | E8: =Hours_dio!E8*WeightRole!E8 -> 7 | F8: =Hours_dio!F8*WeightRole!F8 -> 6 | G8: =Hours_dio!G8*WeightRole!G8 -> 4 | H8: =Hours_dio!H8*WeightRole!H8 -> 1.2 | I8: =Hours_dio!I8*WeightRole!I8 -> 0.6 | ... X8: =Hours_dio!X8*WeightRole!X8 -> 0
A9: =A8+1 -> 45604 | B9: =Hours_dio!B9*WeightRole!B9 -> 2.4 | C9: =Hours_dio!C9*WeightRole!C9 -> 0 | D9: =Hours_dio!D9*WeightRole!D9 -> 2.4 | E9: =Hours_dio!E9*WeightRole!E9 -> 7 | F9: =Hours_dio!F9*WeightRole!F9 -> 6 | G9: =Hours_dio!G9*WeightRole!G9 -> 4 | H9: =Hours_dio!H9*WeightRole!H9 -> 0.6 | I9: =Hours_dio!I9*WeightRole!I9 -> 0.6 | ... X9: =Hours_dio!X9*WeightRole!X9 -> 0
A10: =A9+1 -> 45605 | B10: =Hours_dio!B10*WeightRole!B10 -> 2.4 | C10: =Hours_dio!C10*WeightRole!C10 -> 2.4 | D10: =Hours_dio!D10*WeightRole!D10 -> 2.4 | E10: =Hours_dio!E10*WeightRole!E10 -> 7 | F10: =Hours_dio!F10*WeightRole!F10 -> 6 | G10: =Hours_dio!G10*WeightRole!G10 -> 0 | H10: =Hours_dio!H10*WeightRole!H10 -> 0 | I10: =Hours_dio!I10*WeightRole!I10 -> 0 | ... X10: =Hours_dio!X10*WeightRole!X10 -> 0
A11: =A10+1 -> 45606 | B11: =Hours_dio!B11*WeightRole!B11 -> 2.4 | C11: =Hours_dio!C11*WeightRole!C11 -> 2.4 | D11: =Hours_dio!D11*WeightRole!D11 -> 2.4 | E11: =Hours_dio!E11*WeightRole!E11 -> 7 | F11: =Hours_dio!F11*WeightRole!F11 -> 6 | G11: =Hours_dio!G11*WeightRole!G11 -> 4 | H11: =Hours_dio!H11*WeightRole!H11 -> 1.2 | I11: =Hours_dio!I11*WeightRole!I11 -> 0 | ... X11: =Hours_dio!X11*WeightRole!X11 -> 0
A12: =A11+1 -> 45607 | B12: =Hours_dio!B12*WeightRole!B12 -> 0 | C12: =Hours_dio!C12*WeightRole!C12 -> 0 | D12: =Hours_dio!D12*WeightRole!D12 -> 0 | E12: =Hours_dio!E12*WeightRole!E12 -> 0 | F12: =Hours_dio!F12*WeightRole!F12 -> 0 | G12: =Hours_dio!G12*WeightRole!G12 -> 0 | H12: =Hours_dio!H12*WeightRole!H12 -> 0 | I12: =Hours_dio!I12*WeightRole!I12 -> 0 | ... X12: =Hours_dio!X12*WeightRole!X12 -> 0
A13: =A12+1 -> 45608 | B13: =Hours_dio!B13*WeightRole!B13 -> 3 | C13: =Hours_dio!C13*WeightRole!C13 -> 3 | D13: =Hours_dio!D13*WeightRole!D13 -> 3 | E13: =Hours_dio!E13*WeightRole!E13 -> 7 | F13: =Hours_dio!F13*WeightRole!F13 -> 6 | G13: =Hours_dio!G13*WeightRole!G13 -> 4 | H13: =Hours_dio!H13*WeightRole!H13 -> 0 | I13: =Hours_dio!I13*WeightRole!I13 -> 0 | ... X13: =Hours_dio!X13*WeightRole!X13 -> 0
A14: =A13+1 -> 45609 | B14: =Hours_dio!B14*WeightRole!B14 -> 3 | C14: =Hours_dio!C14*WeightRole!C14 -> 0 | D14: =Hours_dio!D14*WeightRole!D14 -> 3 | E14: =Hours_dio!E14*WeightRole!E14 -> 7 | F14: =Hours_dio!F14*WeightRole!F14 -> 6 | G14: =Hours_dio!G14*WeightRole!G14 -> 0 | H14: =Hours_dio!H14*WeightRole!H14 -> 0 | I14: =Hours_dio!I14*WeightRole!I14 -> 0 | ... X14: =Hours_dio!X14*WeightRole!X14 -> 0
... A275: =A274+1 -> 45870 | B275: =Hours_dio!B275*WeightRole!B275 -> 2.4 | C275: =Hours_dio!C275*WeightRole!C275 -> 2.4 | D275: =Hours_dio!D275*WeightRole!D275 -> 3 | E275: =Hours_dio!E275*WeightRole!E275 -> 7 | F275: =Hours_dio!F275*WeightRole!F275 -> 6 | G275: =Hours_dio!G275*WeightRole!G275 -> 4 | H275: =Hours_dio!H275*WeightRole!H275 -> 0 | I275: =Hours_dio!I275*WeightRole!I275 -> 1.2 | ... X275: =Hours_dio!X275*WeightRole!X275 -> 0
A276: =A275+1 -> 45871 | B276: =Hours_dio!B276*WeightRole!B276 -> 2.4 | C276: =Hours_dio!C276*WeightRole!C276 -> 2.4 | D276: =Hours_dio!D276*WeightRole!D276 -> 3 | E276: =Hours_dio!E276*WeightRole!E276 -> 7 | F276: =Hours_dio!F276*WeightRole!F276 -> 6 | G276: =Hours_dio!G276*WeightRole!G276 -> 4 | H276: =Hours_dio!H276*WeightRole!H276 -> 0 | I276: =Hours_dio!I276*WeightRole!I276 -> 0 | ... Y276: =Hours_dio!Y276*WeightRole!Y276 -> 0
A277: =A276+1 -> 45872 | B277: =Hours_dio!B277*WeightRole!B277 -> 2.4 | C277: =Hours_dio!C277*WeightRole!C277 -> 2.4 | D277: =Hours_dio!D277*WeightRole!D277 -> 3 | E277: =Hours_dio!E277*WeightRole!E277 -> 7 | F277: =Hours_dio!F277*WeightRole!F277 -> 6 | G277: =Hours_dio!G277*WeightRole!G277 -> 4 | H277: =Hours_dio!H277*WeightRole!H277 -> 0 | I277: =Hours_dio!I277*WeightRole!I277 -> 0 | ... Y277: =Hours_dio!Y277*WeightRole!Y277 -> 0
A278: =A277+1 -> 45873 | B278: =Hours_dio!B278*WeightRole!B278 -> 0 | C278: =Hours_dio!C278*WeightRole!C278 -> 0 | D278: =Hours_dio!D278*WeightRole!D278 -> 0 | E278: =Hours_dio!E278*WeightRole!E278 -> 0 | F278: =Hours_dio!F278*WeightRole!F278 -> 0 | G278: =Hours_dio!G278*WeightRole!G278 -> 0 | H278: =Hours_dio!H278*WeightRole!H278 -> 0 | I278: =Hours_dio!I278*WeightRole!I278 -> 0 | ... Y278: =Hours_dio!Y278*WeightRole!Y278 -> 0
A279: =A278+1 -> 45874 | B279: =Hours_dio!B279*WeightRole!B279 -> 2.4 | C279: =Hours_dio!C279*WeightRole!C279 -> 2.4 | D279: =Hours_dio!D279*WeightRole!D279 -> 3 | E279: =Hours_dio!E279*WeightRole!E279 -> 7 | F279: =Hours_dio!F279*WeightRole!F279 -> 6 | G279: =Hours_dio!G279*WeightRole!G279 -> 4 | H279: =Hours_dio!H279*WeightRole!H279 -> 0 | I279: =Hours_dio!I279*WeightRole!I279 -> 0 | ... Y279: =Hours_dio!Y279*WeightRole!Y279 -> 0
A280: =A279+1 -> 45875 | B280: =Hours_dio!B280*WeightRole!B280 -> 2.4 | C280: =Hours_dio!C280*WeightRole!C280 -> 2.4 | D280: =Hours_dio!D280*WeightRole!D280 -> 3 | E280: =Hours_dio!E280*WeightRole!E280 -> 7 | F280: =Hours_dio!F280*WeightRole!F280 -> 6 | G280: =Hours_dio!G280*WeightRole!G280 -> 0 | H280: =Hours_dio!H280*WeightRole!H280 -> 0 | I280: =Hours_dio!I280*WeightRole!I280 -> 0.6 | ... Y280: =Hours_dio!Y280*WeightRole!Y280 -> 0
A281: =A280+1 -> 45876 | B281: =Hours_dio!B281*WeightRole!B281 -> 2.4 | C281: =Hours_dio!C281*WeightRole!C281 -> 2.4 | D281: =Hours_dio!D281*WeightRole!D281 -> 3 | E281: =Hours_dio!E281*WeightRole!E281 -> 7 | F281: =Hours_dio!F281*WeightRole!F281 -> 6 | G281: =Hours_dio!G281*WeightRole!G281 -> 4 | H281: =Hours_dio!H281*WeightRole!H281 -> 0 | I281: =Hours_dio!I281*WeightRole!I281 -> 0 | ... Y281: =Hours_dio!Y281*WeightRole!Y281 -> 0
A282: =A281+1 -> 45877 | B282: =Hours_dio!B282*WeightRole!B282 -> 2.4 | C282: =Hours_dio!C282*WeightRole!C282 -> 2.4 | D282: =Hours_dio!D282*WeightRole!D282 -> 3 | E282: =Hours_dio!E282*WeightRole!E282 -> 7 | F282: =Hours_dio!F282*WeightRole!F282 -> 6 | G282: =Hours_dio!G282*WeightRole!G282 -> 4 | H282: =Hours_dio!H282*WeightRole!H282 -> 0 | I282: =Hours_dio!I282*WeightRole!I282 -> 0 | ... Y282: =Hours_dio!Y282*WeightRole!Y282 -> 0
A283: =A282+1 -> 45878 | B283: =Hours_dio!B283*WeightRole!B283 -> 2.4 | C283: =Hours_dio!C283*WeightRole!C283 -> 2.4 | D283: =Hours_dio!D283*WeightRole!D283 -> 3 | E283: =Hours_dio!E283*WeightRole!E283 -> 7 | F283: =Hours_dio!F283*WeightRole!F283 -> 6 | G283: =Hours_dio!G283*WeightRole!G283 -> 4 | H283: =Hours_dio!H283*WeightRole!H283 -> 0 | I283: =Hours_dio!I283*WeightRole!I283 -> 0 | ... Y283: =Hours_dio!Y283*WeightRole!Y283 -> 0
A284: =A283+1 -> 45879 | B284: =Hours_dio!B284*WeightRole!B284 -> 2.4 | C284: =Hours_dio!C284*WeightRole!C284 -> 2.4 | D284: =Hours_dio!D284*WeightRole!D284 -> 3 | E284: =Hours_dio!E284*WeightRole!E284 -> 7 | F284: =Hours_dio!F284*WeightRole!F284 -> 6 | G284: =Hours_dio!G284*WeightRole!G284 -> 0 | H284: =Hours_dio!H284*WeightRole!H284 -> 0 | I284: =Hours_dio!I284*WeightRole!I284 -> 0 | ... Y284: =Hours_dio!Y284*WeightRole!Y284 -> 0
A285: =A284+1 -> 45880 | B285: =Hours_dio!B285*WeightRole!B285 -> 0 | C285: =Hours_dio!C285*WeightRole!C285 -> 0 | D285: =Hours_dio!D285*WeightRole!D285 -> 0 | E285: =Hours_dio!E285*WeightRole!E285 -> 0 | F285: =Hours_dio!F285*WeightRole!F285 -> 0 | G285: =Hours_dio!G285*WeightRole!G285 -> 0 | H285: =Hours_dio!H285*WeightRole!H285 -> 0 | I285: =Hours_dio!I285*WeightRole!I285 -> 0 | ... Y285: =Hours_dio!Y285*WeightRole!Y285 -> 0
A286: =A285+1 -> 45881 | B286: =Hours_dio!B286*WeightRole!B286 -> 2.4 | C286: =Hours_dio!C286*WeightRole!C286 -> 2.4 | D286: =Hours_dio!D286*WeightRole!D286 -> 3 | E286: =Hours_dio!E286*WeightRole!E286 -> 7 | F286: =Hours_dio!F286*WeightRole!F286 -> 6 | G286: =Hours_dio!G286*WeightRole!G286 -> 0 | H286: =Hours_dio!H286*WeightRole!H286 -> 0 | I286: =Hours_dio!I286*WeightRole!I286 -> 0.6 | ... Y286: =Hours_dio!Y286*WeightRole!Y286 -> 0
A287: =A286+1 -> 45882 | B287: =Hours_dio!B287*WeightRole!B287 -> 2.4 | C287: =Hours_dio!C287*WeightRole!C287 -> 2.4 | D287: =Hours_dio!D287*WeightRole!D287 -> 3 | E287: =Hours_dio!E287*WeightRole!E287 -> 7 | F287: =Hours_dio!F287*WeightRole!F287 -> 6 | G287: =Hours_dio!G287*WeightRole!G287 -> 4 | H287: =Hours_dio!H287*WeightRole!H287 -> 0 | I287: =Hours_dio!I287*WeightRole!I287 -> 0 | ... Y287: =Hours_dio!Y287*WeightRole!Y287 -> 0
... A336: =A335+1 -> 45931 | B336: =Hours_dio!B336*WeightRole!B336 -> 2.4 | C336: =Hours_dio!C336*WeightRole!C336 -> 2.4 | D336: =Hours_dio!D336*WeightRole!D336 -> 3 | E336: =Hours_dio!E336*WeightRole!E336 -> 7 | F336: =Hours_dio!F336*WeightRole!F336 -> 6 | G336: =Hours_dio!G336*WeightRole!G336 -> 0 | H336: =Hours_dio!H336*WeightRole!H336 -> 0 | I336: =Hours_dio!I336*WeightRole!I336 -> 0 | ... Y336: =Hours_dio!Y336*WeightRole!Y336 -> 0
A337: =A336+1 -> 45932 | B337: =Hours_dio!B337*WeightRole!B337 -> 2.4 | C337: =Hours_dio!C337*WeightRole!C337 -> 2.4 | D337: =Hours_dio!D337*WeightRole!D337 -> 3 | E337: =Hours_dio!E337*WeightRole!E337 -> 7 | F337: =Hours_dio!F337*WeightRole!F337 -> 6 | G337: =Hours_dio!G337*WeightRole!G337 -> 4 | H337: =Hours_dio!H337*WeightRole!H337 -> 0 | I337: =Hours_dio!I337*WeightRole!I337 -> 0 | ... AD337: =Hours_dio!AD337*WeightRole!AD337 -> 0
A338: =A337+1 -> 45933 | B338: =Hours_dio!B338*WeightRole!B338 -> 2.4 | C338: =Hours_dio!C338*WeightRole!C338 -> 2.4 | D338: =Hours_dio!D338*WeightRole!D338 -> 3 | E338: =Hours_dio!E338*WeightRole!E338 -> 7 | F338: =Hours_dio!F338*WeightRole!F338 -> 6 | G338: =Hours_dio!G338*WeightRole!G338 -> 4 | H338: =Hours_dio!H338*WeightRole!H338 -> 0 | I338: =Hours_dio!I338*WeightRole!I338 -> 0 | ... AD338: =Hours_dio!AD338*WeightRole!AD338 -> 0
A339: =A338+1 -> 45934 | B339: =Hours_dio!B339*WeightRole!B339 -> 2.4 | C339: =Hours_dio!C339*WeightRole!C339 -> 2.4 | D339: =Hours_dio!D339*WeightRole!D339 -> 3 | E339: =Hours_dio!E339*WeightRole!E339 -> 7 | F339: =Hours_dio!F339*WeightRole!F339 -> 6 | G339: =Hours_dio!G339*WeightRole!G339 -> 0 | H339: =Hours_dio!H339*WeightRole!H339 -> 0 | I339: =Hours_dio!I339*WeightRole!I339 -> 0 | ... AD339: =Hours_dio!AD339*WeightRole!AD339 -> 0
A340: =A339+1 -> 45935 | B340: =Hours_dio!B340*WeightRole!B340 -> 2.4 | C340: =Hours_dio!C340*WeightRole!C340 -> 2.4 | D340: =Hours_dio!D340*WeightRole!D340 -> 3 | E340: =Hours_dio!E340*WeightRole!E340 -> 7 | F340: =Hours_dio!F340*WeightRole!F340 -> 6 | G340: =Hours_dio!G340*WeightRole!G340 -> 4 | H340: =Hours_dio!H340*WeightRole!H340 -> 0 | I340: =Hours_dio!I340*WeightRole!I340 -> 0 | ... AD340: =Hours_dio!AD340*WeightRole!AD340 -> 0
A341: =A340+1 -> 45936 | B341: =Hours_dio!B341*WeightRole!B341 -> 0 | C341: =Hours_dio!C341*WeightRole!C341 -> 0 | D341: =Hours_dio!D341*WeightRole!D341 -> 0 | E341: =Hours_dio!E341*WeightRole!E341 -> 0 | F341: =Hours_dio!F341*WeightRole!F341 -> 0 | G341: =Hours_dio!G341*WeightRole!G341 -> 0 | H341: =Hours_dio!H341*WeightRole!H341 -> 0 | I341: =Hours_dio!I341*WeightRole!I341 -> 0 | ... AD341: =Hours_dio!AD341*WeightRole!AD341 -> 0
A342: =A341+1 -> 45937 | B342: =Hours_dio!B342*WeightRole!B342 -> 2.4 | C342: =Hours_dio!C342*WeightRole!C342 -> 2.4 | D342: =Hours_dio!D342*WeightRole!D342 -> 3 | E342: =Hours_dio!E342*WeightRole!E342 -> 7 | F342: =Hours_dio!F342*WeightRole!F342 -> 6 | G342: =Hours_dio!G342*WeightRole!G342 -> 0 | H342: =Hours_dio!H342*WeightRole!H342 -> 0 | I342: =Hours_dio!I342*WeightRole!I342 -> 0 | ... AD342: =Hours_dio!AD342*WeightRole!AD342 -> 0
A343: =A342+1 -> 45938 | B343: =Hours_dio!B343*WeightRole!B343 -> 2.4 | C343: =Hours_dio!C343*WeightRole!C343 -> 2.4 | D343: =Hours_dio!D343*WeightRole!D343 -> 3 | E343: =Hours_dio!E343*WeightRole!E343 -> 7 | F343: =Hours_dio!F343*WeightRole!F343 -> 6 | G343: =Hours_dio!G343*WeightRole!G343 -> 4 | H343: =Hours_dio!H343*WeightRole!H343 -> 0 | I343: =Hours_dio!I343*WeightRole!I343 -> 0 | ... AD343: =Hours_dio!AD343*WeightRole!AD343 -> 0
A344: =A343+1 -> 45939 | B344: =Hours_dio!B344*WeightRole!B344 -> 2.4 | C344: =Hours_dio!C344*WeightRole!C344 -> 2.4 | D344: =Hours_dio!D344*WeightRole!D344 -> 3 | E344: =Hours_dio!E344*WeightRole!E344 -> 7 | F344: =Hours_dio!F344*WeightRole!F344 -> 6 | G344: =Hours_dio!G344*WeightRole!G344 -> 4 | H344: =Hours_dio!H344*WeightRole!H344 -> 0 | I344: =Hours_dio!I344*WeightRole!I344 -> 0 | ... AD344: =Hours_dio!AD344*WeightRole!AD344 -> 0
A345: =A344+1 -> 45940 | B345: =Hours_dio!B345*WeightRole!B345 -> 2.4 | C345: =Hours_dio!C345*WeightRole!C345 -> 2.4 | D345: =Hours_dio!D345*WeightRole!D345 -> 3 | E345: =Hours_dio!E345*WeightRole!E345 -> 7 | F345: =Hours_dio!F345*WeightRole!F345 -> 6 | G345: =Hours_dio!G345*WeightRole!G345 -> 4 | H345: =Hours_dio!H345*WeightRole!H345 -> 0 | I345: =Hours_dio!I345*WeightRole!I345 -> 0 | ... AD345: =Hours_dio!AD345*WeightRole!AD345 -> 0
A346: =A345+1 -> 45941 | B346: =Hours_dio!B346*WeightRole!B346 -> 2.4 | C346: =Hours_dio!C346*WeightRole!C346 -> 2.4 | D346: =Hours_dio!D346*WeightRole!D346 -> 3 | E346: =Hours_dio!E346*WeightRole!E346 -> 7 | F346: =Hours_dio!F346*WeightRole!F346 -> 6 | G346: =Hours_dio!G346*WeightRole!G346 -> 0 | H346: =Hours_dio!H346*WeightRole!H346 -> 0 | I346: =Hours_dio!I346*WeightRole!I346 -> 0 | ... AD346: =Hours_dio!AD346*WeightRole!AD346 -> 0
A347: =A346+1 -> 45942 | B347: =Hours_dio!B347*WeightRole!B347 -> 2.4 | C347: =Hours_dio!C347*WeightRole!C347 -> 2.4 | D347: =Hours_dio!D347*WeightRole!D347 -> 3 | E347: =Hours_dio!E347*WeightRole!E347 -> 7 | F347: =Hours_dio!F347*WeightRole!F347 -> 6 | G347: =Hours_dio!G347*WeightRole!G347 -> 4 | H347: =Hours_dio!H347*WeightRole!H347 -> 0 | I347: =Hours_dio!I347*WeightRole!I347 -> 0 | ... AD347: =Hours_dio!AD347*WeightRole!AD347 -> 0
A348: =A347+1 -> 45943 | B348: =Hours_dio!B348*WeightRole!B348 -> 0 | C348: =Hours_dio!C348*WeightRole!C348 -> 0 | D348: =Hours_dio!D348*WeightRole!D348 -> 0 | E348: =Hours_dio!E348*WeightRole!E348 -> 0 | F348: =Hours_dio!F348*WeightRole!F348 -> 0 | G348: =Hours_dio!G348*WeightRole!G348 -> 0 | H348: =Hours_dio!H348*WeightRole!H348 -> 0 | I348: =Hours_dio!I348*WeightRole!I348 -> 0 | ... AD348: =Hours_dio!AD348*WeightRole!AD348 -> 0
... A859: =A858+1 -> 46454 | B859: =Hours_dio!B859*WeightRole!B859 -> #N/A | C859: =Hours_dio!C859*WeightRole!C859 -> #N/A | D859: =Hours_dio!D859*WeightRole!D859 -> #N/A | E859: =Hours_dio!E859*WeightRole!E859 -> #N/A | F859: =Hours_dio!F859*WeightRole!F859 -> #N/A | G859: =Hours_dio!G859*WeightRole!G859 -> #N/A | H859: =Hours_dio!H859*WeightRole!H859 -> #N/A | I859: =Hours_dio!I859*WeightRole!I859 -> #N/A | ... AD859: =Hours_dio!AD859*WeightRole!AD859 -> 0
A860: =A859+1 -> 46455 | B860: =VLOOKUP($A860,'2025'!$C:$Z,MATCH(B$1,'2025'!$C$1:$Z$1,0)) | C860: =VLOOKUP($A860,'2025'!$C:$Z,MATCH(C$1,'2025'!$C$1:$Z$1,0)) | D860: =VLOOKUP($A860,'2025'!$C:$Z,MATCH(D$1,'2025'!$C$1:$Z$1,0)) | E860: =VLOOKUP($A860,'2025'!$C:$Z,MATCH(E$1,'2025'!$C$1:$Z$1,0)) | F860: =VLOOKUP($A860,'2025'!$C:$Z,MATCH(F$1,'2025'!$C$1:$Z$1,0)) | G860: =VLOOKUP($A860,'2025'!$C:$Z,MATCH(G$1,'2025'!$C$1:$Z$1,0)) | H860: =VLOOKUP($A860,'2025'!$C:$Z,MATCH(H$1,'2025'!$C$1:$Z$1,0)) -> #N/A | I860: =VLOOKUP($A860,'2025'!$C:$Z,MATCH(I$1,'2025'!$C$1:$Z$1,0)) | ... O860: =VLOOKUP($A860,'2025'!$C:$Z,MATCH(O$1,'2025'!$C$1:$Z$1,0))
A861: =A860+1 -> 46456 | B861: =VLOOKUP($A861,'2025'!$C:$Z,MATCH(B$1,'2025'!$C$1:$Z$1,0)) | C861: =VLOOKUP($A861,'2025'!$C:$Z,MATCH(C$1,'2025'!$C$1:$Z$1,0)) | D861: =VLOOKUP($A861,'2025'!$C:$Z,MATCH(D$1,'2025'!$C$1:$Z$1,0)) | E861: =VLOOKUP($A861,'2025'!$C:$Z,MATCH(E$1,'2025'!$C$1:$Z$1,0)) | F861: =VLOOKUP($A861,'2025'!$C:$Z,MATCH(F$1,'2025'!$C$1:$Z$1,0)) | G861: =VLOOKUP($A861,'2025'!$C:$Z,MATCH(G$1,'2025'!$C$1:$Z$1,0)) | H861: =VLOOKUP($A861,'2025'!$C:$Z,MATCH(H$1,'2025'!$C$1:$Z$1,0)) -> #N/A | I861: =VLOOKUP($A861,'2025'!$C:$Z,MATCH(I$1,'2025'!$C$1:$Z$1,0)) | ... O861: =VLOOKUP($A861,'2025'!$C:$Z,MATCH(O$1,'2025'!$C$1:$Z$1,0))
A862: =A861+1 -> 46457 | B862: =VLOOKUP($A862,'2025'!$C:$Z,MATCH(B$1,'2025'!$C$1:$Z$1,0)) | C862: =VLOOKUP($A862,'2025'!$C:$Z,MATCH(C$1,'2025'!$C$1:$Z$1,0)) | D862: =VLOOKUP($A862,'2025'!$C:$Z,MATCH(D$1,'2025'!$C$1:$Z$1,0)) | E862: =VLOOKUP($A862,'2025'!$C:$Z,MATCH(E$1,'2025'!$C$1:$Z$1,0)) | F862: =VLOOKUP($A862,'2025'!$C:$Z,MATCH(F$1,'2025'!$C$1:$Z$1,0)) | G862: =VLOOKUP($A862,'2025'!$C:$Z,MATCH(G$1,'2025'!$C$1:$Z$1,0)) | H862: =VLOOKUP($A862,'2025'!$C:$Z,MATCH(H$1,'2025'!$C$1:$Z$1,0)) -> #N/A | I862: =VLOOKUP($A862,'2025'!$C:$Z,MATCH(I$1,'2025'!$C$1:$Z$1,0)) | ... O862: =VLOOKUP($A862,'2025'!$C:$Z,MATCH(O$1,'2025'!$C$1:$Z$1,0))
A863: =A862+1 -> 46458 | B863: =VLOOKUP($A863,'2025'!$C:$Z,MATCH(B$1,'2025'!$C$1:$Z$1,0)) | C863: =VLOOKUP($A863,'2025'!$C:$Z,MATCH(C$1,'2025'!$C$1:$Z$1,0)) | D863: =VLOOKUP($A863,'2025'!$C:$Z,MATCH(D$1,'2025'!$C$1:$Z$1,0)) | E863: =VLOOKUP($A863,'2025'!$C:$Z,MATCH(E$1,'2025'!$C$1:$Z$1,0)) | F863: =VLOOKUP($A863,'2025'!$C:$Z,MATCH(F$1,'2025'!$C$1:$Z$1,0)) | G863: =VLOOKUP($A863,'2025'!$C:$Z,MATCH(G$1,'2025'!$C$1:$Z$1,0)) | H863: =VLOOKUP($A863,'2025'!$C:$Z,MATCH(H$1,'2025'!$C$1:$Z$1,0)) -> #N/A | I863: =VLOOKUP($A863,'2025'!$C:$Z,MATCH(I$1,'2025'!$C$1:$Z$1,0)) | ... O863: =VLOOKUP($A863,'2025'!$C:$Z,MATCH(O$1,'2025'!$C$1:$Z$1,0))
A864: =A863+1 -> 46459 | B864: =VLOOKUP($A864,'2025'!$C:$Z,MATCH(B$1,'2025'!$C$1:$Z$1,0)) | C864: =VLOOKUP($A864,'2025'!$C:$Z,MATCH(C$1,'2025'!$C$1:$Z$1,0)) | D864: =VLOOKUP($A864,'2025'!$C:$Z,MATCH(D$1,'2025'!$C$1:$Z$1,0)) | E864: =VLOOKUP($A864,'2025'!$C:$Z,MATCH(E$1,'2025'!$C$1:$Z$1,0)) | F864: =VLOOKUP($A864,'2025'!$C:$Z,MATCH(F$1,'2025'!$C$1:$Z$1,0)) | G864: =VLOOKUP($A864,'2025'!$C:$Z,MATCH(G$1,'2025'!$C$1:$Z$1,0)) | H864: =VLOOKUP($A864,'2025'!$C:$Z,MATCH(H$1,'2025'!$C$1:$Z$1,0)) -> #N/A | I864: =VLOOKUP($A864,'2025'!$C:$Z,MATCH(I$1,'2025'!$C$1:$Z$1,0)) | ... O864: =VLOOKUP($A864,'2025'!$C:$Z,MATCH(O$1,'2025'!$C$1:$Z$1,0))
A865: =A864+1 -> 46460 | B865: =VLOOKUP($A865,'2025'!$C:$Z,MATCH(B$1,'2025'!$C$1:$Z$1,0)) | C865: =VLOOKUP($A865,'2025'!$C:$Z,MATCH(C$1,'2025'!$C$1:$Z$1,0)) | D865: =VLOOKUP($A865,'2025'!$C:$Z,MATCH(D$1,'2025'!$C$1:$Z$1,0)) | E865: =VLOOKUP($A865,'2025'!$C:$Z,MATCH(E$1,'2025'!$C$1:$Z$1,0)) | F865: =VLOOKUP($A865,'2025'!$C:$Z,MATCH(F$1,'2025'!$C$1:$Z$1,0)) | G865: =VLOOKUP($A865,'2025'!$C:$Z,MATCH(G$1,'2025'!$C$1:$Z$1,0)) | H865: =VLOOKUP($A865,'2025'!$C:$Z,MATCH(H$1,'2025'!$C$1:$Z$1,0)) -> #N/A | I865: =VLOOKUP($A865,'2025'!$C:$Z,MATCH(I$1,'2025'!$C$1:$Z$1,0)) | ... O865: =VLOOKUP($A865,'2025'!$C:$Z,MATCH(O$1,'2025'!$C$1:$Z$1,0))
A866: =A865+1 -> 46461 | B866: =VLOOKUP($A866,'2025'!$C:$Z,MATCH(B$1,'2025'!$C$1:$Z$1,0)) | C866: =VLOOKUP($A866,'2025'!$C:$Z,MATCH(C$1,'2025'!$C$1:$Z$1,0)) | D866: =VLOOKUP($A866,'2025'!$C:$Z,MATCH(D$1,'2025'!$C$1:$Z$1,0)) | E866: =VLOOKUP($A866,'2025'!$C:$Z,MATCH(E$1,'2025'!$C$1:$Z$1,0)) | F866: =VLOOKUP($A866,'2025'!$C:$Z,MATCH(F$1,'2025'!$C$1:$Z$1,0)) | G866: =VLOOKUP($A866,'2025'!$C:$Z,MATCH(G$1,'2025'!$C$1:$Z$1,0)) | H866: =VLOOKUP($A866,'2025'!$C:$Z,MATCH(H$1,'2025'!$C$1:$Z$1,0)) -> #N/A | I866: =VLOOKUP($A866,'2025'!$C:$Z,MATCH(I$1,'2025'!$C$1:$Z$1,0)) | ... O866: =VLOOKUP($A866,'2025'!$C:$Z,MATCH(O$1,'2025'!$C$1:$Z$1,0))
A867: =A866+1 -> 46462 | B867: =VLOOKUP($A867,'2025'!$C:$Z,MATCH(B$1,'2025'!$C$1:$Z$1,0)) | C867: =VLOOKUP($A867,'2025'!$C:$Z,MATCH(C$1,'2025'!$C$1:$Z$1,0)) | D867: =VLOOKUP($A867,'2025'!$C:$Z,MATCH(D$1,'2025'!$C$1:$Z$1,0)) | E867: =VLOOKUP($A867,'2025'!$C:$Z,MATCH(E$1,'2025'!$C$1:$Z$1,0)) | F867: =VLOOKUP($A867,'2025'!$C:$Z,MATCH(F$1,'2025'!$C$1:$Z$1,0)) | G867: =VLOOKUP($A867,'2025'!$C:$Z,MATCH(G$1,'2025'!$C$1:$Z$1,0)) | H867: =VLOOKUP($A867,'2025'!$C:$Z,MATCH(H$1,'2025'!$C$1:$Z$1,0)) -> #N/A | I867: =VLOOKUP($A867,'2025'!$C:$Z,MATCH(I$1,'2025'!$C$1:$Z$1,0)) | ... O867: =VLOOKUP($A867,'2025'!$C:$Z,MATCH(O$1,'2025'!$C$1:$Z$1,0))
A868: =A867+1 -> 46463 | B868: =VLOOKUP($A868,'2025'!$C:$Z,MATCH(B$1,'2025'!$C$1:$Z$1,0)) | C868: =VLOOKUP($A868,'2025'!$C:$Z,MATCH(C$1,'2025'!$C$1:$Z$1,0)) | D868: =VLOOKUP($A868,'2025'!$C:$Z,MATCH(D$1,'2025'!$C$1:$Z$1,0)) | E868: =VLOOKUP($A868,'2025'!$C:$Z,MATCH(E$1,'2025'!$C$1:$Z$1,0)) | F868: =VLOOKUP($A868,'2025'!$C:$Z,MATCH(F$1,'2025'!$C$1:$Z$1,0)) | G868: =VLOOKUP($A868,'2025'!$C:$Z,MATCH(G$1,'2025'!$C$1:$Z$1,0)) | H868: =VLOOKUP($A868,'2025'!$C:$Z,MATCH(H$1,'2025'!$C$1:$Z$1,0)) -> #N/A | I868: =VLOOKUP($A868,'2025'!$C:$Z,MATCH(I$1,'2025'!$C$1:$Z$1,0)) | ... O868: =VLOOKUP($A868,'2025'!$C:$Z,MATCH(O$1,'2025'!$C$1:$Z$1,0))
A869: =A868+1 -> 46464 | B869: =VLOOKUP($A869,'2025'!$C:$Z,MATCH(B$1,'2025'!$C$1:$Z$1,0)) | C869: =VLOOKUP($A869,'2025'!$C:$Z,MATCH(C$1,'2025'!$C$1:$Z$1,0)) | D869: =VLOOKUP($A869,'2025'!$C:$Z,MATCH(D$1,'2025'!$C$1:$Z$1,0)) | E869: =VLOOKUP($A869,'2025'!$C:$Z,MATCH(E$1,'2025'!$C$1:$Z$1,0)) | F869: =VLOOKUP($A869,'2025'!$C:$Z,MATCH(F$1,'2025'!$C$1:$Z$1,0)) | G869: =VLOOKUP($A869,'2025'!$C:$Z,MATCH(G$1,'2025'!$C$1:$Z$1,0)) | H869: =VLOOKUP($A869,'2025'!$C:$Z,MATCH(H$1,'2025'!$C$1:$Z$1,0)) -> #N/A | I869: =VLOOKUP($A869,'2025'!$C:$Z,MATCH(I$1,'2025'!$C$1:$Z$1,0)) | ... O869: =VLOOKUP($A869,'2025'!$C:$Z,MATCH(O$1,'2025'!$C$1:$Z$1,0))
A870: =A869+1 -> 46465 | B870: =VLOOKUP($A870,'2025'!$C:$Z,MATCH(B$1,'2025'!$C$1:$Z$1,0)) | C870: =VLOOKUP($A870,'2025'!$C:$Z,MATCH(C$1,'2025'!$C$1:$Z$1,0)) | D870: =VLOOKUP($A870,'2025'!$C:$Z,MATCH(D$1,'2025'!$C$1:$Z$1,0)) | E870: =VLOOKUP($A870,'2025'!$C:$Z,MATCH(E$1,'2025'!$C$1:$Z$1,0)) | F870: =VLOOKUP($A870,'2025'!$C:$Z,MATCH(F$1,'2025'!$C$1:$Z$1,0)) | G870: =VLOOKUP($A870,'2025'!$C:$Z,MATCH(G$1,'2025'!$C$1:$Z$1,0)) | H870: =VLOOKUP($A870,'2025'!$C:$Z,MATCH(H$1,'2025'!$C$1:$Z$1,0)) -> #N/A | I870: =VLOOKUP($A870,'2025'!$C:$Z,MATCH(I$1,'2025'!$C$1:$Z$1,0)) | ... O870: =VLOOKUP($A870,'2025'!$C:$Z,MATCH(O$1,'2025'!$C$1:$Z$1,0))
A871: =A870+1 -> 46466 | B871: =VLOOKUP($A871,'2025'!$C:$Z,MATCH(B$1,'2025'!$C$1:$Z$1,0)) | C871: =VLOOKUP($A871,'2025'!$C:$Z,MATCH(C$1,'2025'!$C$1:$Z$1,0)) | D871: =VLOOKUP($A871,'2025'!$C:$Z,MATCH(D$1,'2025'!$C$1:$Z$1,0)) | E871: =VLOOKUP($A871,'2025'!$C:$Z,MATCH(E$1,'2025'!$C$1:$Z$1,0)) | F871: =VLOOKUP($A871,'2025'!$C:$Z,MATCH(F$1,'2025'!$C$1:$Z$1,0)) | G871: =VLOOKUP($A871,'2025'!$C:$Z,MATCH(G$1,'2025'!$C$1:$Z$1,0)) | H871: =VLOOKUP($A871,'2025'!$C:$Z,MATCH(H$1,'2025'!$C$1:$Z$1,0)) -> #N/A | I871: =VLOOKUP($A871,'2025'!$C:$Z,MATCH(I$1,'2025'!$C$1:$Z$1,0)) | ... O871: =VLOOKUP($A871,'2025'!$C:$Z,MATCH(O$1,'2025'!$C$1:$Z$1,0))
... A1104: =A1103+1 -> 46699 | B1104: =VLOOKUP($A1104,'2025'!$C:$Z,MATCH(B$1,'2025'!$C$1:$Z$1,0)) | C1104: =VLOOKUP($A1104,'2025'!$C:$Z,MATCH(C$1,'2025'!$C$1:$Z$1,0)) | D1104: =VLOOKUP($A1104,'2025'!$C:$Z,MATCH(D$1,'2025'!$C$1:$Z$1,0)) | E1104: =VLOOKUP($A1104,'2025'!$C:$Z,MATCH(E$1,'2025'!$C$1:$Z$1,0)) | F1104: =VLOOKUP($A1104,'2025'!$C:$Z,MATCH(F$1,'2025'!$C$1:$Z$1,0)) | G1104: =VLOOKUP($A1104,'2025'!$C:$Z,MATCH(G$1,'2025'!$C$1:$Z$1,0)) | H1104: =VLOOKUP($A1104,'2025'!$C:$Z,MATCH(H$1,'2025'!$C$1:$Z$1,0)) -> #N/A | I1104: =VLOOKUP($A1104,'2025'!$C:$Z,MATCH(I$1,'2025'!$C$1:$Z$1,0)) | ... O1104: =VLOOKUP($A1104,'2025'!$C:$Z,MATCH(O$1,'2025'!$C$1:$Z$1,0))
A1105: =A1104+1 -> 46700 | B1105: =VLOOKUP(A1105,'2025'!C:D,2)
A1106: =A1105+1 -> 46701 | B1106: =VLOOKUP(A1106,'2025'!C:D,2)
A1107: =A1106+1 -> 46702 | B1107: =VLOOKUP(A1107,'2025'!C:D,2)
A1108: =A1107+1 -> 46703 | B1108: =VLOOKUP(A1108,'2025'!C:D,2)
A1109: =A1108+1 -> 46704 | B1109: =VLOOKUP(A1109,'2025'!C:D,2)
A1110: =A1109+1 -> 46705 | B1110: =VLOOKUP(A1110,'2025'!C:D,2)
A1111: =A1110+1 -> 46706 | B1111: =VLOOKUP(A1111,'2025'!C:D,2)
A1112: =A1111+1 -> 46707 | B1112: =VLOOKUP(A1112,'2025'!C:D,2)
A1113: =A1112+1 -> 46708 | B1113: =VLOOKUP(A1113,'2025'!C:D,2)
A1114: =A1113+1 -> 46709 | B1114: =VLOOKUP(A1114,'2025'!C:D,2)
A1115: =A1114+1 -> 46710 | B1115: =VLOOKUP(A1115,'2025'!C:D,2)
A1116: =A1115+1 -> 46711 | B1116: =VLOOKUP(A1116,'2025'!C:D,2)
... A1345: =A1344+1 -> 46940 | B1345: =VLOOKUP(A1345,'2025'!C:D,2)

Sheet Points_%
A1: Dates | B1: Psistaria | C1: Αναστασία | D1: Αυτάπ | E1: Εύα | F1: Γιάννης | G1: Χριστιάνα | H1: Κρίστης | I1: Γκάμπριελ | J1: Τάνια | K1: Μαρίνα | L1: Ανέλια | M1: Ναταλία | N1: Παντελίτσα | O1: Μαρία | P1: Διομήδης | Q1: Αμάντα | R1: Ανθούλα | S1: Ραζβάν | T1: Σάντρα | U1: Κρεμένα | V1: Μυρτώ | W1: Λαουρέντζο | X1: Μαρήλια | Y1: Μαίρη | Z1: Γκαλίνα | AA1: Μαίρη Ιεαχωβά | AB1: Χριστίνα | AC1: Καλομοίρα | AD1: Χασάν | AE1: Σοφία
A2: 45597 | B2: 0.02 | C2: =IFERROR(Points!B2/SUM(Points!$B2:$Z2),)*(1-$B2) -> 0.066067416 | D2: =IFERROR(Points!C2/SUM(Points!$B2:$Z2),)*(1-$B2) -> 0.066067416 | E2: =IFERROR(Points!D2/SUM(Points!$B2:$Z2),)*(1-$B2) -> 0.066067416 | F2: =IFERROR(Points!E2/SUM(Points!$B2:$Z2),)*(1-$B2) -> 0.19269663 | G2: =IFERROR(Points!F2/SUM(Points!$B2:$Z2),)*(1-$B2) -> 0.16516854 | H2: =IFERROR(Points!G2/SUM(Points!$B2:$Z2),)*(1-$B2) -> 0 | I2: =IFERROR(Points!H2/SUM(Points!$B2:$Z2),)*(1-$B2) -> 0.033033708 | J2: =IFERROR(Points!I2/SUM(Points!$B2:$Z2),)*(1-$B2) -> 0 | ... T2: =IFERROR(Points!S2/SUM(Points!$B2:$Z2),)*(1-$B2) -> 0
A3: =A2+1 -> 45598 | B3: 0.02 | C3: =IFERROR(Points!B3/SUM(Points!$B3:$Z3),)*(1-$B3) -> 0.068272859 | D3: =IFERROR(Points!C3/SUM(Points!$B3:$Z3),)*(1-$B3) -> 0.068272859 | E3: =IFERROR(Points!D3/SUM(Points!$B3:$Z3),)*(1-$B3) -> 0.068272859 | F3: =IFERROR(Points!E3/SUM(Points!$B3:$Z3),)*(1-$B3) -> 0.19912917 | G3: =IFERROR(Points!F3/SUM(Points!$B3:$Z3),)*(1-$B3) -> 0.17068215 | H3: =IFERROR(Points!G3/SUM(Points!$B3:$Z3),)*(1-$B3) -> 0.1137881 | I3: =IFERROR(Points!H3/SUM(Points!$B3:$Z3),)*(1-$B3) -> 0 | J3: =IFERROR(Points!I3/SUM(Points!$B3:$Z3),)*(1-$B3) -> 0 | ... T3: =IFERROR(Points!S3/SUM(Points!$B3:$Z3),)*(1-$B3) -> 0
A4: =A3+1 -> 45599 | B4: 0.02 | C4: =IFERROR(Points!B4/SUM(Points!$B4:$Z4),)*(1-$B4) -> 0.059393939 | D4: =IFERROR(Points!C4/SUM(Points!$B4:$Z4),)*(1-$B4) -> 0.059393939 | E4: =IFERROR(Points!D4/SUM(Points!$B4:$Z4),)*(1-$B4) -> 0.059393939 | F4: =IFERROR(Points!E4/SUM(Points!$B4:$Z4),)*(1-$B4) -> 0.17323232 | G4: =IFERROR(Points!F4/SUM(Points!$B4:$Z4),)*(1-$B4) -> 0.14848485 | H4: =IFERROR(Points!G4/SUM(Points!$B4:$Z4),)*(1-$B4) -> 0.098989899 | I4: =IFERROR(Points!H4/SUM(Points!$B4:$Z4),)*(1-$B4) -> 0.02969697 | J4: =IFERROR(Points!I4/SUM(Points!$B4:$Z4),)*(1-$B4) -> 0 | ... T4: =IFERROR(Points!S4/SUM(Points!$B4:$Z4),)*(1-$B4) -> 0
A5: =A4+1 -> 45600 | B5: 0.02 | C5: =IFERROR(Points!B5/SUM(Points!$B5:$Z5),)*(1-$B5) -> 0 | D5: =IFERROR(Points!C5/SUM(Points!$B5:$Z5),)*(1-$B5) -> 0 | E5: =IFERROR(Points!D5/SUM(Points!$B5:$Z5),)*(1-$B5) -> 0 | F5: =IFERROR(Points!E5/SUM(Points!$B5:$Z5),)*(1-$B5) -> 0 | G5: =IFERROR(Points!F5/SUM(Points!$B5:$Z5),)*(1-$B5) -> 0 | H5: =IFERROR(Points!G5/SUM(Points!$B5:$Z5),)*(1-$B5) -> 0 | I5: =IFERROR(Points!H5/SUM(Points!$B5:$Z5),)*(1-$B5) -> 0 | J5: =IFERROR(Points!I5/SUM(Points!$B5:$Z5),)*(1-$B5) -> 0 | ... T5: =IFERROR(Points!S5/SUM(Points!$B5:$Z5),)*(1-$B5) -> 0
A6: =A5+1 -> 45601 | B6: 0.02 | C6: =IFERROR(Points!B6/SUM(Points!$B6:$Z6),)*(1-$B6) -> 0.064972376 | D6: =IFERROR(Points!C6/SUM(Points!$B6:$Z6),)*(1-$B6) -> 0.064972376 | E6: =IFERROR(Points!D6/SUM(Points!$B6:$Z6),)*(1-$B6) -> 0.064972376 | F6: =IFERROR(Points!E6/SUM(Points!$B6:$Z6),)*(1-$B6) -> 0.18950276 | G6: =IFERROR(Points!F6/SUM(Points!$B6:$Z6),)*(1-$B6) -> 0.16243094 | H6: =IFERROR(Points!G6/SUM(Points!$B6:$Z6),)*(1-$B6) -> 0 | I6: =IFERROR(Points!H6/SUM(Points!$B6:$Z6),)*(1-$B6) -> 0.032486188 | J6: =IFERROR(Points!I6/SUM(Points!$B6:$Z6),)*(1-$B6) -> 0 | ... T6: =IFERROR(Points!S6/SUM(Points!$B6:$Z6),)*(1-$B6) -> 0
A7: =A6+1 -> 45602 | B7: 0.02 | C7: =IFERROR(Points!B7/SUM(Points!$B7:$Z7),)*(1-$B7) -> 0.028823529 | D7: =IFERROR(Points!C7/SUM(Points!$B7:$Z7),)*(1-$B7) -> 0.057647059 | E7: =IFERROR(Points!D7/SUM(Points!$B7:$Z7),)*(1-$B7) -> 0.057647059 | F7: =IFERROR(Points!E7/SUM(Points!$B7:$Z7),)*(1-$B7) -> 0.16813725 | G7: =IFERROR(Points!F7/SUM(Points!$B7:$Z7),)*(1-$B7) -> 0.14411765 | H7: =IFERROR(Points!G7/SUM(Points!$B7:$Z7),)*(1-$B7) -> 0.096078431 | I7: =IFERROR(Points!H7/SUM(Points!$B7:$Z7),)*(1-$B7) -> 0.028823529 | J7: =IFERROR(Points!I7/SUM(Points!$B7:$Z7),)*(1-$B7) -> 0.028823529 | ... T7: =IFERROR(Points!S7/SUM(Points!$B7:$Z7),)*(1-$B7) -> 0
A8: =A7+1 -> 45603 | B8: 0.02 | C8: =IFERROR(Points!B8/SUM(Points!$B8:$Z8),)*(1-$B8) -> 0.062222222 | D8: =IFERROR(Points!C8/SUM(Points!$B8:$Z8),)*(1-$B8) -> 0 | E8: =IFERROR(Points!D8/SUM(Points!$B8:$Z8),)*(1-$B8) -> 0.062222222 | F8: =IFERROR(Points!E8/SUM(Points!$B8:$Z8),)*(1-$B8) -> 0.18148148 | G8: =IFERROR(Points!F8/SUM(Points!$B8:$Z8),)*(1-$B8) -> 0.15555556 | H8: =IFERROR(Points!G8/SUM(Points!$B8:$Z8),)*(1-$B8) -> 0.1037037 | I8: =IFERROR(Points!H8/SUM(Points!$B8:$Z8),)*(1-$B8) -> 0.031111111 | J8: =IFERROR(Points!I8/SUM(Points!$B8:$Z8),)*(1-$B8) -> 0.015555556 | ... T8: =IFERROR(Points!S8/SUM(Points!$B8:$Z8),)*(1-$B8) -> 0
A9: =A8+1 -> 45604 | B9: 0.02 | C9: =IFERROR(Points!B9/SUM(Points!$B9:$Z9),)*(1-$B9) -> 0.06125 | D9: =IFERROR(Points!C9/SUM(Points!$B9:$Z9),)*(1-$B9) -> 0 | E9: =IFERROR(Points!D9/SUM(Points!$B9:$Z9),)*(1-$B9) -> 0.06125 | F9: =IFERROR(Points!E9/SUM(Points!$B9:$Z9),)*(1-$B9) -> 0.17864583 | G9: =IFERROR(Points!F9/SUM(Points!$B9:$Z9),)*(1-$B9) -> 0.153125 | H9: =IFERROR(Points!G9/SUM(Points!$B9:$Z9),)*(1-$B9) -> 0.10208333 | I9: =IFERROR(Points!H9/SUM(Points!$B9:$Z9),)*(1-$B9) -> 0.0153125 | J9: =IFERROR(Points!I9/SUM(Points!$B9:$Z9),)*(1-$B9) -> 0.0153125 | ... T9: =IFERROR(Points!S9/SUM(Points!$B9:$Z9),)*(1-$B9) -> 0
A10: =A9+1 -> 45605 | B10: 0.02 | C10: =IFERROR(Points!B10/SUM(Points!$B10:$Z10),)*(1-$B10) -> 0.069380531 | D10: =IFERROR(Points!C10/SUM(Points!$B10:$Z10),)*(1-$B10) -> 0.069380531 | E10: =IFERROR(Points!D10/SUM(Points!$B10:$Z10),)*(1-$B10) -> 0.069380531 | F10: =IFERROR(Points!E10/SUM(Points!$B10:$Z10),)*(1-$B10) -> 0.20235988 | G10: =IFERROR(Points!F10/SUM(Points!$B10:$Z10),)*(1-$B10) -> 0.17345133 | H10: =IFERROR(Points!G10/SUM(Points!$B10:$Z10),)*(1-$B10) -> 0 | I10: =IFERROR(Points!H10/SUM(Points!$B10:$Z10),)*(1-$B10) -> 0 | J10: =IFERROR(Points!I10/SUM(Points!$B10:$Z10),)*(1-$B10) -> 0 | ... T10: =IFERROR(Points!S10/SUM(Points!$B10:$Z10),)*(1-$B10) -> 0
A11: =A10+1 -> 45606 | B11: 0.02 | C11: =IFERROR(Points!B11/SUM(Points!$B11:$Z11),)*(1-$B11) -> 0.061090909 | D11: =IFERROR(Points!C11/SUM(Points!$B11:$Z11),)*(1-$B11) -> 0.061090909 | E11: =IFERROR(Points!D11/SUM(Points!$B11:$Z11),)*(1-$B11) -> 0.061090909 | F11: =IFERROR(Points!E11/SUM(Points!$B11:$Z11),)*(1-$B11) -> 0.17818182 | G11: =IFERROR(Points!F11/SUM(Points!$B11:$Z11),)*(1-$B11) -> 0.15272727 | H11: =IFERROR(Points!G11/SUM(Points!$B11:$Z11),)*(1-$B11) -> 0.10181818 | I11: =IFERROR(Points!H11/SUM(Points!$B11:$Z11),)*(1-$B11) -> 0.030545455 | J11: =IFERROR(Points!I11/SUM(Points!$B11:$Z11),)*(1-$B11) -> 0 | ... T11: =IFERROR(Points!S11/SUM(Points!$B11:$Z11),)*(1-$B11) -> 0
A12: =A11+1 -> 45607 | B12: 0.02 | C12: =IFERROR(Points!B12/SUM(Points!$B12:$Z12),)*(1-$B12) -> 0 | D12: =IFERROR(Points!C12/SUM(Points!$B12:$Z12),)*(1-$B12) -> 0 | E12: =IFERROR(Points!D12/SUM(Points!$B12:$Z12),)*(1-$B12) -> 0 | F12: =IFERROR(Points!E12/SUM(Points!$B12:$Z12),)*(1-$B12) -> 0 | G12: =IFERROR(Points!F12/SUM(Points!$B12:$Z12),)*(1-$B12) -> 0 | H12: =IFERROR(Points!G12/SUM(Points!$B12:$Z12),)*(1-$B12) -> 0 | I12: =IFERROR(Points!H12/SUM(Points!$B12:$Z12),)*(1-$B12) -> 0 | J12: =IFERROR(Points!I12/SUM(Points!$B12:$Z12),)*(1-$B12) -> 0 | ... T12: =IFERROR(Points!S12/SUM(Points!$B12:$Z12),)*(1-$B12) -> 0
A13: =A12+1 -> 45608 | B13: 0.02 | C13: =IFERROR(Points!B13/SUM(Points!$B13:$Z13),)*(1-$B13) -> 0.069339623 | D13: =IFERROR(Points!C13/SUM(Points!$B13:$Z13),)*(1-$B13) -> 0.069339623 | E13: =IFERROR(Points!D13/SUM(Points!$B13:$Z13),)*(1-$B13) -> 0.069339623 | F13: =IFERROR(Points!E13/SUM(Points!$B13:$Z13),)*(1-$B13) -> 0.16179245 | G13: =IFERROR(Points!F13/SUM(Points!$B13:$Z13),)*(1-$B13) -> 0.13867925 | H13: =IFERROR(Points!G13/SUM(Points!$B13:$Z13),)*(1-$B13) -> 0.09245283 | I13: =IFERROR(Points!H13/SUM(Points!$B13:$Z13),)*(1-$B13) -> 0 | J13: =IFERROR(Points!I13/SUM(Points!$B13:$Z13),)*(1-$B13) -> 0 | ... T13: =IFERROR(Points!S13/SUM(Points!$B13:$Z13),)*(1-$B13) -> 0
A14: =A13+1 -> 45609 | B14: 0.02 | C14: =IFERROR(Points!B14/SUM(Points!$B14:$Z14),)*(1-$B14) -> 0.080769231 | D14: =IFERROR(Points!C14/SUM(Points!$B14:$Z14),)*(1-$B14) -> 0 | E14: =IFERROR(Points!D14/SUM(Points!$B14:$Z14),)*(1-$B14) -> 0.080769231 | F14: =IFERROR(Points!E14/SUM(Points!$B14:$Z14),)*(1-$B14) -> 0.18846154 | G14: =IFERROR(Points!F14/SUM(Points!$B14:$Z14),)*(1-$B14) -> 0.16153846 | H14: =IFERROR(Points!G14/SUM(Points!$B14:$Z14),)*(1-$B14) -> 0 | I14: =IFERROR(Points!H14/SUM(Points!$B14:$Z14),)*(1-$B14) -> 0 | J14: =IFERROR(Points!I14/SUM(Points!$B14:$Z14),)*(1-$B14) -> 0 | ... T14: =IFERROR(Points!S14/SUM(Points!$B14:$Z14),)*(1-$B14) -> 0
... A183: =A182+1 -> 45778 | B183: 0.04 | C183: =IFERROR(Points!B183/SUM(Points!$B183:$Z183),)*(1-$B183) -> 0.065454545 | D183: =IFERROR(Points!C183/SUM(Points!$B183:$Z183),)*(1-$B183) -> 0.065454545 | E183: =IFERROR(Points!D183/SUM(Points!$B183:$Z183),)*(1-$B183) -> 0.081818182 | F183: =IFERROR(Points!E183/SUM(Points!$B183:$Z183),)*(1-$B183) -> 0.19090909 | G183: =IFERROR(Points!F183/SUM(Points!$B183:$Z183),)*(1-$B183) -> 0.16363636 | H183: =IFERROR(Points!G183/SUM(Points!$B183:$Z183),)*(1-$B183) -> 0 | I183: =IFERROR(Points!H183/SUM(Points!$B183:$Z183),)*(1-$B183) -> 0 | J183: =IFERROR(Points!I183/SUM(Points!$B183:$Z183),)*(1-$B183) -> 0 | ... T183: =IFERROR(Points!S183/SUM(Points!$B183:$Z183),)*(1-$B183) -> 0
A184: =A183+1 -> 45779 | B184: 0.04 | C184: =IFERROR(Points!B184/SUM(Points!$B184:$Z184),)*(1-$B184) -> 0.059381443 | D184: =IFERROR(Points!C184/SUM(Points!$B184:$Z184),)*(1-$B184) -> 0.059381443 | E184: =IFERROR(Points!D184/SUM(Points!$B184:$Z184),)*(1-$B184) -> 0.074226804 | F184: =IFERROR(Points!E184/SUM(Points!$B184:$Z184),)*(1-$B184) -> 0.17319588 | G184: =IFERROR(Points!F184/SUM(Points!$B184:$Z184),)*(1-$B184) -> 0.14845361 | H184: =IFERROR(Points!G184/SUM(Points!$B184:$Z184),)*(1-$B184) -> 0 | I184: =IFERROR(Points!H184/SUM(Points!$B184:$Z184),)*(1-$B184) -> 0 | J184: =IFERROR(Points!I184/SUM(Points!$B184:$Z184),)*(1-$B184) -> 0 | ... Y184: =IFERROR(Points!X184/SUM(Points!$B184:$Z184),)*(1-$B184) -> 0
A185: =A184+1 -> 45780 | B185: 0.04 | C185: =IFERROR(Points!B185/SUM(Points!$B185:$Z185),)*(1-$B185) -> 0.05877551 | D185: =IFERROR(Points!C185/SUM(Points!$B185:$Z185),)*(1-$B185) -> 0.05877551 | E185: =IFERROR(Points!D185/SUM(Points!$B185:$Z185),)*(1-$B185) -> 0.073469388 | F185: =IFERROR(Points!E185/SUM(Points!$B185:$Z185),)*(1-$B185) -> 0.17142857 | G185: =IFERROR(Points!F185/SUM(Points!$B185:$Z185),)*(1-$B185) -> 0.14693878 | H185: =IFERROR(Points!G185/SUM(Points!$B185:$Z185),)*(1-$B185) -> 0.097959184 | I185: =IFERROR(Points!H185/SUM(Points!$B185:$Z185),)*(1-$B185) -> 0 | J185: =IFERROR(Points!I185/SUM(Points!$B185:$Z185),)*(1-$B185) -> 0 | ... Y185: =IFERROR(Points!X185/SUM(Points!$B185:$Z185),)*(1-$B185) -> 0
A186: =A185+1 -> 45781 | B186: 0.04 | C186: =IFERROR(Points!B186/SUM(Points!$B186:$Z186),)*(1-$B186) -> 0.058181818 | D186: =IFERROR(Points!C186/SUM(Points!$B186:$Z186),)*(1-$B186) -> 0.058181818 | E186: =IFERROR(Points!D186/SUM(Points!$B186:$Z186),)*(1-$B186) -> 0.072727273 | F186: =IFERROR(Points!E186/SUM(Points!$B186:$Z186),)*(1-$B186) -> 0.16969697 | G186: =IFERROR(Points!F186/SUM(Points!$B186:$Z186),)*(1-$B186) -> 0.14545455 | H186: =IFERROR(Points!G186/SUM(Points!$B186:$Z186),)*(1-$B186) -> 0 | I186: =IFERROR(Points!H186/SUM(Points!$B186:$Z186),)*(1-$B186) -> 0 | J186: =IFERROR(Points!I186/SUM(Points!$B186:$Z186),)*(1-$B186) -> 0 | ... Y186: =IFERROR(Points!X186/SUM(Points!$B186:$Z186),)*(1-$B186) -> 0
A187: =A186+1 -> 45782 | B187: 0.04 | C187: =IFERROR(Points!B187/SUM(Points!$B187:$Z187),)*(1-$B187) -> 0 | D187: =IFERROR(Points!C187/SUM(Points!$B187:$Z187),)*(1-$B187) -> 0 | E187: =IFERROR(Points!D187/SUM(Points!$B187:$Z187),)*(1-$B187) -> 0 | F187: =IFERROR(Points!E187/SUM(Points!$B187:$Z187),)*(1-$B187) -> 0 | G187: =IFERROR(Points!F187/SUM(Points!$B187:$Z187),)*(1-$B187) -> 0 | H187: =IFERROR(Points!G187/SUM(Points!$B187:$Z187),)*(1-$B187) -> 0 | I187: =IFERROR(Points!H187/SUM(Points!$B187:$Z187),)*(1-$B187) -> 0 | J187: =IFERROR(Points!I187/SUM(Points!$B187:$Z187),)*(1-$B187) -> 0 | ... Y187: =IFERROR(Points!X187/SUM(Points!$B187:$Z187),)*(1-$B187) -> 0
A188: =A187+1 -> 45783 | B188: 0.02 | C188: =IFERROR(Points!B188/SUM(Points!$B188:$Z188),)*(1-$B188) -> 0.063567568 | D188: =IFERROR(Points!C188/SUM(Points!$B188:$Z188),)*(1-$B188) -> 0.063567568 | E188: =IFERROR(Points!D188/SUM(Points!$B188:$Z188),)*(1-$B188) -> 0.079459459 | F188: =IFERROR(Points!E188/SUM(Points!$B188:$Z188),)*(1-$B188) -> 0.18540541 | G188: =IFERROR(Points!F188/SUM(Points!$B188:$Z188),)*(1-$B188) -> 0.15891892 | H188: =IFERROR(Points!G188/SUM(Points!$B188:$Z188),)*(1-$B188) -> 0 | I188: =IFERROR(Points!H188/SUM(Points!$B188:$Z188),)*(1-$B188) -> 0 | J188: =IFERROR(Points!I188/SUM(Points!$B188:$Z188),)*(1-$B188) -> 0 | ... Y188: =IFERROR(Points!X188/SUM(Points!$B188:$Z188),)*(1-$B188) -> 0
A189: =A188+1 -> 45784 | B189: 0.02 | C189: =IFERROR(Points!B189/SUM(Points!$B189:$Z189),)*(1-$B189) -> 0.0588 | D189: =IFERROR(Points!C189/SUM(Points!$B189:$Z189),)*(1-$B189) -> 0.0588 | E189: =IFERROR(Points!D189/SUM(Points!$B189:$Z189),)*(1-$B189) -> 0.0735 | F189: =IFERROR(Points!E189/SUM(Points!$B189:$Z189),)*(1-$B189) -> 0.1715 | G189: =IFERROR(Points!F189/SUM(Points!$B189:$Z189),)*(1-$B189) -> 0.147 | H189: =IFERROR(Points!G189/SUM(Points!$B189:$Z189),)*(1-$B189) -> 0 | I189: =IFERROR(Points!H189/SUM(Points!$B189:$Z189),)*(1-$B189) -> 0 | J189: =IFERROR(Points!I189/SUM(Points!$B189:$Z189),)*(1-$B189) -> 0.0294 | ... Y189: =IFERROR(Points!X189/SUM(Points!$B189:$Z189),)*(1-$B189) -> 0
A190: =A189+1 -> 45785 | B190: 0.02 | C190: =IFERROR(Points!B190/SUM(Points!$B190:$Z190),)*(1-$B190) -> 0.060932642 | D190: =IFERROR(Points!C190/SUM(Points!$B190:$Z190),)*(1-$B190) -> 0.060932642 | E190: =IFERROR(Points!D190/SUM(Points!$B190:$Z190),)*(1-$B190) -> 0.076165803 | F190: =IFERROR(Points!E190/SUM(Points!$B190:$Z190),)*(1-$B190) -> 0.17772021 | G190: =IFERROR(Points!F190/SUM(Points!$B190:$Z190),)*(1-$B190) -> 0.15233161 | H190: =IFERROR(Points!G190/SUM(Points!$B190:$Z190),)*(1-$B190) -> 0 | I190: =IFERROR(Points!H190/SUM(Points!$B190:$Z190),)*(1-$B190) -> 0 | J190: =IFERROR(Points!I190/SUM(Points!$B190:$Z190),)*(1-$B190) -> 0.015233161 | ... Y190: =IFERROR(Points!X190/SUM(Points!$B190:$Z190),)*(1-$B190) -> 0
A191: =A190+1 -> 45786 | B191: 0.02 | C191: =IFERROR(Points!B191/SUM(Points!$B191:$Z191),)*(1-$B191) -> 0.065152355 | D191: =IFERROR(Points!C191/SUM(Points!$B191:$Z191),)*(1-$B191) -> 0.065152355 | E191: =IFERROR(Points!D191/SUM(Points!$B191:$Z191),)*(1-$B191) -> 0.081440443 | F191: =IFERROR(Points!E191/SUM(Points!$B191:$Z191),)*(1-$B191) -> 0.1900277 | G191: =IFERROR(Points!F191/SUM(Points!$B191:$Z191),)*(1-$B191) -> 0.16288089 | H191: =IFERROR(Points!G191/SUM(Points!$B191:$Z191),)*(1-$B191) -> 0 | I191: =IFERROR(Points!H191/SUM(Points!$B191:$Z191),)*(1-$B191) -> 0 | J191: =IFERROR(Points!I191/SUM(Points!$B191:$Z191),)*(1-$B191) -> 0 | ... Y191: =IFERROR(Points!X191/SUM(Points!$B191:$Z191),)*(1-$B191) -> 0
A192: =A191+1 -> 45787 | B192: 0.02 | C192: =IFERROR(Points!B192/SUM(Points!$B192:$Z192),)*(1-$B192) -> 0.057365854 | D192: =IFERROR(Points!C192/SUM(Points!$B192:$Z192),)*(1-$B192) -> 0.057365854 | E192: =IFERROR(Points!D192/SUM(Points!$B192:$Z192),)*(1-$B192) -> 0.071707317 | F192: =IFERROR(Points!E192/SUM(Points!$B192:$Z192),)*(1-$B192) -> 0.16731707 | G192: =IFERROR(Points!F192/SUM(Points!$B192:$Z192),)*(1-$B192) -> 0.14341463 | H192: =IFERROR(Points!G192/SUM(Points!$B192:$Z192),)*(1-$B192) -> 0.095609756 | I192: =IFERROR(Points!H192/SUM(Points!$B192:$Z192),)*(1-$B192) -> 0 | J192: =IFERROR(Points!I192/SUM(Points!$B192:$Z192),)*(1-$B192) -> 0.014341463 | ... Y192: =IFERROR(Points!X192/SUM(Points!$B192:$Z192),)*(1-$B192) -> 0
A193: =A192+1 -> 45788 | B193: 0.02 | C193: =IFERROR(Points!B193/SUM(Points!$B193:$Z193),)*(1-$B193) -> 0.0588 | D193: =IFERROR(Points!C193/SUM(Points!$B193:$Z193),)*(1-$B193) -> 0.0588 | E193: =IFERROR(Points!D193/SUM(Points!$B193:$Z193),)*(1-$B193) -> 0.0735 | F193: =IFERROR(Points!E193/SUM(Points!$B193:$Z193),)*(1-$B193) -> 0.1715 | G193: =IFERROR(Points!F193/SUM(Points!$B193:$Z193),)*(1-$B193) -> 0.147 | H193: =IFERROR(Points!G193/SUM(Points!$B193:$Z193),)*(1-$B193) -> 0.098 | I193: =IFERROR(Points!H193/SUM(Points!$B193:$Z193),)*(1-$B193) -> 0 | J193: =IFERROR(Points!I193/SUM(Points!$B193:$Z193),)*(1-$B193) -> 0 | ... Y193: =IFERROR(Points!X193/SUM(Points!$B193:$Z193),)*(1-$B193) -> 0
A194: =A193+1 -> 45789 | B194: 0.02 | C194: =IFERROR(Points!B194/SUM(Points!$B194:$Z194),)*(1-$B194) -> 0 | D194: =IFERROR(Points!C194/SUM(Points!$B194:$Z194),)*(1-$B194) -> 0 | E194: =IFERROR(Points!D194/SUM(Points!$B194:$Z194),)*(1-$B194) -> 0 | F194: =IFERROR(Points!E194/SUM(Points!$B194:$Z194),)*(1-$B194) -> 0 | G194: =IFERROR(Points!F194/SUM(Points!$B194:$Z194),)*(1-$B194) -> 0 | H194: =IFERROR(Points!G194/SUM(Points!$B194:$Z194),)*(1-$B194) -> 0 | I194: =IFERROR(Points!H194/SUM(Points!$B194:$Z194),)*(1-$B194) -> 0 | J194: =IFERROR(Points!I194/SUM(Points!$B194:$Z194),)*(1-$B194) -> 0 | ... Y194: =IFERROR(Points!X194/SUM(Points!$B194:$Z194),)*(1-$B194) -> 0
A195: =A194+1 -> 45790 | B195: 0.02 | C195: =IFERROR(Points!B195/SUM(Points!$B195:$Z195),)*(1-$B195) -> 0.060932642 | D195: =IFERROR(Points!C195/SUM(Points!$B195:$Z195),)*(1-$B195) -> 0.060932642 | E195: =IFERROR(Points!D195/SUM(Points!$B195:$Z195),)*(1-$B195) -> 0.076165803 | F195: =IFERROR(Points!E195/SUM(Points!$B195:$Z195),)*(1-$B195) -> 0.17772021 | G195: =IFERROR(Points!F195/SUM(Points!$B195:$Z195),)*(1-$B195) -> 0.15233161 | H195: =IFERROR(Points!G195/SUM(Points!$B195:$Z195),)*(1-$B195) -> 0 | I195: =IFERROR(Points!H195/SUM(Points!$B195:$Z195),)*(1-$B195) -> 0 | J195: =IFERROR(Points!I195/SUM(Points!$B195:$Z195),)*(1-$B195) -> 0.015233161 | ... Y195: =IFERROR(Points!X195/SUM(Points!$B195:$Z195),)*(1-$B195) -> 0
... A306: =A305+1 -> 45901 | B306: 0.04 | C306: =IFERROR(Points!B306/SUM(Points!$B306:$Z306),)*(1-$B306) -> 0 | D306: =IFERROR(Points!C306/SUM(Points!$B306:$Z306),)*(1-$B306) -> 0 | E306: =IFERROR(Points!D306/SUM(Points!$B306:$Z306),)*(1-$B306) -> 0 | F306: =IFERROR(Points!E306/SUM(Points!$B306:$Z306),)*(1-$B306) -> 0 | G306: =IFERROR(Points!F306/SUM(Points!$B306:$Z306),)*(1-$B306) -> 0 | H306: =IFERROR(Points!G306/SUM(Points!$B306:$Z306),)*(1-$B306) -> 0 | I306: =IFERROR(Points!H306/SUM(Points!$B306:$Z306),)*(1-$B306) -> 0 | J306: =IFERROR(Points!I306/SUM(Points!$B306:$Z306),)*(1-$B306) -> 0 | ... Y306: =IFERROR(Points!X306/SUM(Points!$B306:$Z306),)*(1-$B306) -> 0
A307: =A306+1 -> 45902 | B307: 0 | C307: =IFERROR(Points!B307/SUM(Points!$B307:$Z307),)*(1-$B307) -> 0.055944056 | D307: =IFERROR(Points!C307/SUM(Points!$B307:$Z307),)*(1-$B307) -> 0.055944056 | E307: =IFERROR(Points!D307/SUM(Points!$B307:$Z307),)*(1-$B307) -> 0.06993007 | F307: =IFERROR(Points!E307/SUM(Points!$B307:$Z307),)*(1-$B307) -> 0.16317016 | G307: =IFERROR(Points!F307/SUM(Points!$B307:$Z307),)*(1-$B307) -> 0.13986014 | H307: =IFERROR(Points!G307/SUM(Points!$B307:$Z307),)*(1-$B307) -> 0 | I307: =IFERROR(Points!H307/SUM(Points!$B307:$Z307),)*(1-$B307) -> 0 | J307: =IFERROR(Points!I307/SUM(Points!$B307:$Z307),)*(1-$B307) -> 0 | ... Z307: =IFERROR(Points!Y307/SUM(Points!$B307:$Z307),)*(1-$B307) -> 0
A308: =A307+1 -> 45903 | B308: 0 | C308: =IFERROR(Points!B308/SUM(Points!$B308:$Z308),)*(1-$B308) -> 0.06779661 | D308: =IFERROR(Points!C308/SUM(Points!$B308:$Z308),)*(1-$B308) -> 0.06779661 | E308: =IFERROR(Points!D308/SUM(Points!$B308:$Z308),)*(1-$B308) -> 0.084745763 | F308: =IFERROR(Points!E308/SUM(Points!$B308:$Z308),)*(1-$B308) -> 0.19774011 | G308: =IFERROR(Points!F308/SUM(Points!$B308:$Z308),)*(1-$B308) -> 0.16949153 | H308: =IFERROR(Points!G308/SUM(Points!$B308:$Z308),)*(1-$B308) -> 0.11299435 | I308: =IFERROR(Points!H308/SUM(Points!$B308:$Z308),)*(1-$B308) -> 0 | J308: =IFERROR(Points!I308/SUM(Points!$B308:$Z308),)*(1-$B308) -> 0 | ... Z308: =IFERROR(Points!Y308/SUM(Points!$B308:$Z308),)*(1-$B308) -> 0
A309: =A308+1 -> 45904 | B309: 0 | C309: =IFERROR(Points!B309/SUM(Points!$B309:$Z309),)*(1-$B309) -> 0.06779661 | D309: =IFERROR(Points!C309/SUM(Points!$B309:$Z309),)*(1-$B309) -> 0.06779661 | E309: =IFERROR(Points!D309/SUM(Points!$B309:$Z309),)*(1-$B309) -> 0.084745763 | F309: =IFERROR(Points!E309/SUM(Points!$B309:$Z309),)*(1-$B309) -> 0.19774011 | G309: =IFERROR(Points!F309/SUM(Points!$B309:$Z309),)*(1-$B309) -> 0.16949153 | H309: =IFERROR(Points!G309/SUM(Points!$B309:$Z309),)*(1-$B309) -> 0.11299435 | I309: =IFERROR(Points!H309/SUM(Points!$B309:$Z309),)*(1-$B309) -> 0 | J309: =IFERROR(Points!I309/SUM(Points!$B309:$Z309),)*(1-$B309) -> 0 | ... Z309: =IFERROR(Points!Y309/SUM(Points!$B309:$Z309),)*(1-$B309) -> 0
A310: =A309+1 -> 45905 | B310: 0 | C310: =IFERROR(Points!B310/SUM(Points!$B310:$Z310),)*(1-$B310) -> 0.071005917 | D310: =IFERROR(Points!C310/SUM(Points!$B310:$Z310),)*(1-$B310) -> 0.071005917 | E310: =IFERROR(Points!D310/SUM(Points!$B310:$Z310),)*(1-$B310) -> 0.088757396 | F310: =IFERROR(Points!E310/SUM(Points!$B310:$Z310),)*(1-$B310) -> 0.20710059 | G310: =IFERROR(Points!F310/SUM(Points!$B310:$Z310),)*(1-$B310) -> 0.17751479 | H310: =IFERROR(Points!G310/SUM(Points!$B310:$Z310),)*(1-$B310) -> 0 | I310: =IFERROR(Points!H310/SUM(Points!$B310:$Z310),)*(1-$B310) -> 0 | J310: =IFERROR(Points!I310/SUM(Points!$B310:$Z310),)*(1-$B310) -> 0 | ... Z310: =IFERROR(Points!Y310/SUM(Points!$B310:$Z310),)*(1-$B310) -> 0
A311: =A310+1 -> 45906 | B311: 0 | C311: =IFERROR(Points!B311/SUM(Points!$B311:$Z311),)*(1-$B311) -> 0.056338028 | D311: =IFERROR(Points!C311/SUM(Points!$B311:$Z311),)*(1-$B311) -> 0.056338028 | E311: =IFERROR(Points!D311/SUM(Points!$B311:$Z311),)*(1-$B311) -> 0.070422535 | F311: =IFERROR(Points!E311/SUM(Points!$B311:$Z311),)*(1-$B311) -> 0.16431925 | G311: =IFERROR(Points!F311/SUM(Points!$B311:$Z311),)*(1-$B311) -> 0.14084507 | H311: =IFERROR(Points!G311/SUM(Points!$B311:$Z311),)*(1-$B311) -> 0.093896714 | I311: =IFERROR(Points!H311/SUM(Points!$B311:$Z311),)*(1-$B311) -> 0 | J311: =IFERROR(Points!I311/SUM(Points!$B311:$Z311),)*(1-$B311) -> 0 | ... Z311: =IFERROR(Points!Y311/SUM(Points!$B311:$Z311),)*(1-$B311) -> 0
A312: =A311+1 -> 45907 | B312: 0 | C312: =IFERROR(Points!B312/SUM(Points!$B312:$Z312),)*(1-$B312) -> 0.056338028 | D312: =IFERROR(Points!C312/SUM(Points!$B312:$Z312),)*(1-$B312) -> 0.056338028 | E312: =IFERROR(Points!D312/SUM(Points!$B312:$Z312),)*(1-$B312) -> 0.070422535 | F312: =IFERROR(Points!E312/SUM(Points!$B312:$Z312),)*(1-$B312) -> 0.16431925 | G312: =IFERROR(Points!F312/SUM(Points!$B312:$Z312),)*(1-$B312) -> 0.14084507 | H312: =IFERROR(Points!G312/SUM(Points!$B312:$Z312),)*(1-$B312) -> 0.093896714 | I312: =IFERROR(Points!H312/SUM(Points!$B312:$Z312),)*(1-$B312) -> 0 | J312: =IFERROR(Points!I312/SUM(Points!$B312:$Z312),)*(1-$B312) -> 0 | ... Z312: =IFERROR(Points!Y312/SUM(Points!$B312:$Z312),)*(1-$B312) -> 0
A313: =A312+1 -> 45908 | B313: 0 | C313: =IFERROR(Points!B313/SUM(Points!$B313:$Z313),)*(1-$B313) -> 0 | D313: =IFERROR(Points!C313/SUM(Points!$B313:$Z313),)*(1-$B313) -> 0 | E313: =IFERROR(Points!D313/SUM(Points!$B313:$Z313),)*(1-$B313) -> 0 | F313: =IFERROR(Points!E313/SUM(Points!$B313:$Z313),)*(1-$B313) -> 0 | G313: =IFERROR(Points!F313/SUM(Points!$B313:$Z313),)*(1-$B313) -> 0 | H313: =IFERROR(Points!G313/SUM(Points!$B313:$Z313),)*(1-$B313) -> 0 | I313: =IFERROR(Points!H313/SUM(Points!$B313:$Z313),)*(1-$B313) -> 0 | J313: =IFERROR(Points!I313/SUM(Points!$B313:$Z313),)*(1-$B313) -> 0 | ... Z313: =IFERROR(Points!Y313/SUM(Points!$B313:$Z313),)*(1-$B313) -> 0
A314: =A313+1 -> 45909 | B314: 0 | C314: =IFERROR(Points!B314/SUM(Points!$B314:$Z314),)*(1-$B314) -> 0.067039106 | D314: =IFERROR(Points!C314/SUM(Points!$B314:$Z314),)*(1-$B314) -> 0.067039106 | E314: =IFERROR(Points!D314/SUM(Points!$B314:$Z314),)*(1-$B314) -> 0.083798883 | F314: =IFERROR(Points!E314/SUM(Points!$B314:$Z314),)*(1-$B314) -> 0.19553073 | G314: =IFERROR(Points!F314/SUM(Points!$B314:$Z314),)*(1-$B314) -> 0.16759777 | H314: =IFERROR(Points!G314/SUM(Points!$B314:$Z314),)*(1-$B314) -> 0 | I314: =IFERROR(Points!H314/SUM(Points!$B314:$Z314),)*(1-$B314) -> 0 | J314: =IFERROR(Points!I314/SUM(Points!$B314:$Z314),)*(1-$B314) -> 0 | ... Z314: =IFERROR(Points!Y314/SUM(Points!$B314:$Z314),)*(1-$B314) -> 0
A315: =A314+1 -> 45910 | B315: 0 | C315: =IFERROR(Points!B315/SUM(Points!$B315:$Z315),)*(1-$B315) -> 0.067039106 | D315: =IFERROR(Points!C315/SUM(Points!$B315:$Z315),)*(1-$B315) -> 0.067039106 | E315: =IFERROR(Points!D315/SUM(Points!$B315:$Z315),)*(1-$B315) -> 0.083798883 | F315: =IFERROR(Points!E315/SUM(Points!$B315:$Z315),)*(1-$B315) -> 0.19553073 | G315: =IFERROR(Points!F315/SUM(Points!$B315:$Z315),)*(1-$B315) -> 0.16759777 | H315: =IFERROR(Points!G315/SUM(Points!$B315:$Z315),)*(1-$B315) -> 0 | I315: =IFERROR(Points!H315/SUM(Points!$B315:$Z315),)*(1-$B315) -> 0 | J315: =IFERROR(Points!I315/SUM(Points!$B315:$Z315),)*(1-$B315) -> 0 | ... Z315: =IFERROR(Points!Y315/SUM(Points!$B315:$Z315),)*(1-$B315) -> 0
A316: =A315+1 -> 45911 | B316: 0 | C316: =IFERROR(Points!B316/SUM(Points!$B316:$Z316),)*(1-$B316) -> 0.067039106 | D316: =IFERROR(Points!C316/SUM(Points!$B316:$Z316),)*(1-$B316) -> 0.067039106 | E316: =IFERROR(Points!D316/SUM(Points!$B316:$Z316),)*(1-$B316) -> 0.083798883 | F316: =IFERROR(Points!E316/SUM(Points!$B316:$Z316),)*(1-$B316) -> 0.19553073 | G316: =IFERROR(Points!F316/SUM(Points!$B316:$Z316),)*(1-$B316) -> 0.16759777 | H316: =IFERROR(Points!G316/SUM(Points!$B316:$Z316),)*(1-$B316) -> 0 | I316: =IFERROR(Points!H316/SUM(Points!$B316:$Z316),)*(1-$B316) -> 0 | J316: =IFERROR(Points!I316/SUM(Points!$B316:$Z316),)*(1-$B316) -> 0 | ... Z316: =IFERROR(Points!Y316/SUM(Points!$B316:$Z316),)*(1-$B316) -> 0
A317: =A316+1 -> 45912 | B317: 0 | C317: =IFERROR(Points!B317/SUM(Points!$B317:$Z317),)*(1-$B317) -> 0.067039106 | D317: =IFERROR(Points!C317/SUM(Points!$B317:$Z317),)*(1-$B317) -> 0.067039106 | E317: =IFERROR(Points!D317/SUM(Points!$B317:$Z317),)*(1-$B317) -> 0.083798883 | F317: =IFERROR(Points!E317/SUM(Points!$B317:$Z317),)*(1-$B317) -> 0.19553073 | G317: =IFERROR(Points!F317/SUM(Points!$B317:$Z317),)*(1-$B317) -> 0.16759777 | H317: =IFERROR(Points!G317/SUM(Points!$B317:$Z317),)*(1-$B317) -> 0 | I317: =IFERROR(Points!H317/SUM(Points!$B317:$Z317),)*(1-$B317) -> 0 | J317: =IFERROR(Points!I317/SUM(Points!$B317:$Z317),)*(1-$B317) -> 0 | ... Z317: =IFERROR(Points!Y317/SUM(Points!$B317:$Z317),)*(1-$B317) -> 0
A318: =A317+1 -> 45913 | B318: 0 | C318: =IFERROR(Points!B318/SUM(Points!$B318:$Z318),)*(1-$B318) -> 0.059701493 | D318: =IFERROR(Points!C318/SUM(Points!$B318:$Z318),)*(1-$B318) -> 0.059701493 | E318: =IFERROR(Points!D318/SUM(Points!$B318:$Z318),)*(1-$B318) -> 0.074626866 | F318: =IFERROR(Points!E318/SUM(Points!$B318:$Z318),)*(1-$B318) -> 0.17412935 | G318: =IFERROR(Points!F318/SUM(Points!$B318:$Z318),)*(1-$B318) -> 0.14925373 | H318: =IFERROR(Points!G318/SUM(Points!$B318:$Z318),)*(1-$B318) -> 0.099502488 | I318: =IFERROR(Points!H318/SUM(Points!$B318:$Z318),)*(1-$B318) -> 0 | J318: =IFERROR(Points!I318/SUM(Points!$B318:$Z318),)*(1-$B318) -> 0 | ... Z318: =IFERROR(Points!Y318/SUM(Points!$B318:$Z318),)*(1-$B318) -> 0
... A336: =A335+1 -> 45931 | B336: 0 | C336: =IFERROR(Points!B336/SUM(Points!$B336:$Z336),)*(1-$B336) -> 0.064343164 | D336: =IFERROR(Points!C336/SUM(Points!$B336:$Z336),)*(1-$B336) -> 0.064343164 | E336: =IFERROR(Points!D336/SUM(Points!$B336:$Z336),)*(1-$B336) -> 0.080428954 | F336: =IFERROR(Points!E336/SUM(Points!$B336:$Z336),)*(1-$B336) -> 0.18766756 | G336: =IFERROR(Points!F336/SUM(Points!$B336:$Z336),)*(1-$B336) -> 0.16085791 | H336: =IFERROR(Points!G336/SUM(Points!$B336:$Z336),)*(1-$B336) -> 0 | I336: =IFERROR(Points!H336/SUM(Points!$B336:$Z336),)*(1-$B336) -> 0 | J336: =IFERROR(Points!I336/SUM(Points!$B336:$Z336),)*(1-$B336) -> 0 | ... Z336: =IFERROR(Points!Y336/SUM(Points!$B336:$Z336),)*(1-$B336) -> 0
A337: =A336+1 -> 45932 | B337: 0 | C337: =IFERROR(Points!B337/SUM(Points!$B337:$AG337),)*(1-$B337) -> 0.066666667 | D337: =IFERROR(Points!C337/SUM(Points!$B337:$AG337),)*(1-$B337) -> 0.066666667 | E337: =IFERROR(Points!D337/SUM(Points!$B337:$AG337),)*(1-$B337) -> 0.083333333 | F337: =IFERROR(Points!E337/SUM(Points!$B337:$AG337),)*(1-$B337) -> 0.19444444 | G337: =IFERROR(Points!F337/SUM(Points!$B337:$AG337),)*(1-$B337) -> 0.16666667 | H337: =IFERROR(Points!G337/SUM(Points!$B337:$AG337),)*(1-$B337) -> 0.11111111 | I337: =IFERROR(Points!H337/SUM(Points!$B337:$AG337),)*(1-$B337) -> 0 | J337: =IFERROR(Points!I337/SUM(Points!$B337:$AG337),)*(1-$B337) -> 0 | ... AE337: =IFERROR(Points!AD337/SUM(Points!$B337:$AG337),)*(1-$B337) -> 0
A338: =A337+1 -> 45933 | B338: 0 | C338: =IFERROR(Points!B338/SUM(Points!$B338:$AG338),)*(1-$B338) -> 0.06557377 | D338: =IFERROR(Points!C338/SUM(Points!$B338:$AG338),)*(1-$B338) -> 0.06557377 | E338: =IFERROR(Points!D338/SUM(Points!$B338:$AG338),)*(1-$B338) -> 0.081967213 | F338: =IFERROR(Points!E338/SUM(Points!$B338:$AG338),)*(1-$B338) -> 0.19125683 | G338: =IFERROR(Points!F338/SUM(Points!$B338:$AG338),)*(1-$B338) -> 0.16393443 | H338: =IFERROR(Points!G338/SUM(Points!$B338:$AG338),)*(1-$B338) -> 0.10928962 | I338: =IFERROR(Points!H338/SUM(Points!$B338:$AG338),)*(1-$B338) -> 0 | J338: =IFERROR(Points!I338/SUM(Points!$B338:$AG338),)*(1-$B338) -> 0 | ... AE338: =IFERROR(Points!AD338/SUM(Points!$B338:$AG338),)*(1-$B338) -> 0
A339: =A338+1 -> 45934 | B339: 0 | C339: =IFERROR(Points!B339/SUM(Points!$B339:$AG339),)*(1-$B339) -> 0.065217391 | D339: =IFERROR(Points!C339/SUM(Points!$B339:$AG339),)*(1-$B339) -> 0.065217391 | E339: =IFERROR(Points!D339/SUM(Points!$B339:$AG339),)*(1-$B339) -> 0.081521739 | F339: =IFERROR(Points!E339/SUM(Points!$B339:$AG339),)*(1-$B339) -> 0.19021739 | G339: =IFERROR(Points!F339/SUM(Points!$B339:$AG339),)*(1-$B339) -> 0.16304348 | H339: =IFERROR(Points!G339/SUM(Points!$B339:$AG339),)*(1-$B339) -> 0 | I339: =IFERROR(Points!H339/SUM(Points!$B339:$AG339),)*(1-$B339) -> 0 | J339: =IFERROR(Points!I339/SUM(Points!$B339:$AG339),)*(1-$B339) -> 0 | ... AE339: =IFERROR(Points!AD339/SUM(Points!$B339:$AG339),)*(1-$B339) -> 0
A340: =A339+1 -> 45935 | B340: 0 | C340: =IFERROR(Points!B340/SUM(Points!$B340:$AG340),)*(1-$B340) -> 0.055555556 | D340: =IFERROR(Points!C340/SUM(Points!$B340:$AG340),)*(1-$B340) -> 0.055555556 | E340: =IFERROR(Points!D340/SUM(Points!$B340:$AG340),)*(1-$B340) -> 0.069444444 | F340: =IFERROR(Points!E340/SUM(Points!$B340:$AG340),)*(1-$B340) -> 0.16203704 | G340: =IFERROR(Points!F340/SUM(Points!$B340:$AG340),)*(1-$B340) -> 0.13888889 | H340: =IFERROR(Points!G340/SUM(Points!$B340:$AG340),)*(1-$B340) -> 0.092592593 | I340: =IFERROR(Points!H340/SUM(Points!$B340:$AG340),)*(1-$B340) -> 0 | J340: =IFERROR(Points!I340/SUM(Points!$B340:$AG340),)*(1-$B340) -> 0 | ... AE340: =IFERROR(Points!AD340/SUM(Points!$B340:$AG340),)*(1-$B340) -> 0
A341: =A340+1 -> 45936 | B341: 0 | C341: =IFERROR(Points!B341/SUM(Points!$B341:$AG341),)*(1-$B341) -> 0 | D341: =IFERROR(Points!C341/SUM(Points!$B341:$AG341),)*(1-$B341) -> 0 | E341: =IFERROR(Points!D341/SUM(Points!$B341:$AG341),)*(1-$B341) -> 0 | F341: =IFERROR(Points!E341/SUM(Points!$B341:$AG341),)*(1-$B341) -> 0 | G341: =IFERROR(Points!F341/SUM(Points!$B341:$AG341),)*(1-$B341) -> 0 | H341: =IFERROR(Points!G341/SUM(Points!$B341:$AG341),)*(1-$B341) -> 0 | I341: =IFERROR(Points!H341/SUM(Points!$B341:$AG341),)*(1-$B341) -> 0 | J341: =IFERROR(Points!I341/SUM(Points!$B341:$AG341),)*(1-$B341) -> 0 | ... AE341: =IFERROR(Points!AD341/SUM(Points!$B341:$AG341),)*(1-$B341) -> 0
A342: =A341+1 -> 45937 | B342: 0 | C342: =IFERROR(Points!B342/SUM(Points!$B342:$AG342),)*(1-$B342) -> 0.065217391 | D342: =IFERROR(Points!C342/SUM(Points!$B342:$AG342),)*(1-$B342) -> 0.065217391 | E342: =IFERROR(Points!D342/SUM(Points!$B342:$AG342),)*(1-$B342) -> 0.081521739 | F342: =IFERROR(Points!E342/SUM(Points!$B342:$AG342),)*(1-$B342) -> 0.19021739 | G342: =IFERROR(Points!F342/SUM(Points!$B342:$AG342),)*(1-$B342) -> 0.16304348 | H342: =IFERROR(Points!G342/SUM(Points!$B342:$AG342),)*(1-$B342) -> 0 | I342: =IFERROR(Points!H342/SUM(Points!$B342:$AG342),)*(1-$B342) -> 0 | J342: =IFERROR(Points!I342/SUM(Points!$B342:$AG342),)*(1-$B342) -> 0 | ... AE342: =IFERROR(Points!AD342/SUM(Points!$B342:$AG342),)*(1-$B342) -> 0
A343: =A342+1 -> 45938 | B343: 0 | C343: =IFERROR(Points!B343/SUM(Points!$B343:$AG343),)*(1-$B343) -> 0.060301508 | D343: =IFERROR(Points!C343/SUM(Points!$B343:$AG343),)*(1-$B343) -> 0.060301508 | E343: =IFERROR(Points!D343/SUM(Points!$B343:$AG343),)*(1-$B343) -> 0.075376884 | F343: =IFERROR(Points!E343/SUM(Points!$B343:$AG343),)*(1-$B343) -> 0.1758794 | G343: =IFERROR(Points!F343/SUM(Points!$B343:$AG343),)*(1-$B343) -> 0.15075377 | H343: =IFERROR(Points!G343/SUM(Points!$B343:$AG343),)*(1-$B343) -> 0.10050251 | I343: =IFERROR(Points!H343/SUM(Points!$B343:$AG343),)*(1-$B343) -> 0 | J343: =IFERROR(Points!I343/SUM(Points!$B343:$AG343),)*(1-$B343) -> 0 | ... AE343: =IFERROR(Points!AD343/SUM(Points!$B343:$AG343),)*(1-$B343) -> 0
A344: =A343+1 -> 45939 | B344: 0 | C344: =IFERROR(Points!B344/SUM(Points!$B344:$AG344),)*(1-$B344) -> 0.058823529 | D344: =IFERROR(Points!C344/SUM(Points!$B344:$AG344),)*(1-$B344) -> 0.058823529 | E344: =IFERROR(Points!D344/SUM(Points!$B344:$AG344),)*(1-$B344) -> 0.073529412 | F344: =IFERROR(Points!E344/SUM(Points!$B344:$AG344),)*(1-$B344) -> 0.17156863 | G344: =IFERROR(Points!F344/SUM(Points!$B344:$AG344),)*(1-$B344) -> 0.14705882 | H344: =IFERROR(Points!G344/SUM(Points!$B344:$AG344),)*(1-$B344) -> 0.098039216 | I344: =IFERROR(Points!H344/SUM(Points!$B344:$AG344),)*(1-$B344) -> 0 | J344: =IFERROR(Points!I344/SUM(Points!$B344:$AG344),)*(1-$B344) -> 0 | ... AE344: =IFERROR(Points!AD344/SUM(Points!$B344:$AG344),)*(1-$B344) -> 0
A345: =A344+1 -> 45940 | B345: 0 | C345: =IFERROR(Points!B345/SUM(Points!$B345:$AG345),)*(1-$B345) -> 0.056338028 | D345: =IFERROR(Points!C345/SUM(Points!$B345:$AG345),)*(1-$B345) -> 0.056338028 | E345: =IFERROR(Points!D345/SUM(Points!$B345:$AG345),)*(1-$B345) -> 0.070422535 | F345: =IFERROR(Points!E345/SUM(Points!$B345:$AG345),)*(1-$B345) -> 0.16431925 | G345: =IFERROR(Points!F345/SUM(Points!$B345:$AG345),)*(1-$B345) -> 0.14084507 | H345: =IFERROR(Points!G345/SUM(Points!$B345:$AG345),)*(1-$B345) -> 0.093896714 | I345: =IFERROR(Points!H345/SUM(Points!$B345:$AG345),)*(1-$B345) -> 0 | J345: =IFERROR(Points!I345/SUM(Points!$B345:$AG345),)*(1-$B345) -> 0 | ... AE345: =IFERROR(Points!AD345/SUM(Points!$B345:$AG345),)*(1-$B345) -> 0
A346: =A345+1 -> 45941 | B346: 0 | C346: =IFERROR(Points!B346/SUM(Points!$B346:$AG346),)*(1-$B346) -> 0.060301508 | D346: =IFERROR(Points!C346/SUM(Points!$B346:$AG346),)*(1-$B346) -> 0.060301508 | E346: =IFERROR(Points!D346/SUM(Points!$B346:$AG346),)*(1-$B346) -> 0.075376884 | F346: =IFERROR(Points!E346/SUM(Points!$B346:$AG346),)*(1-$B346) -> 0.1758794 | G346: =IFERROR(Points!F346/SUM(Points!$B346:$AG346),)*(1-$B346) -> 0.15075377 | H346: =IFERROR(Points!G346/SUM(Points!$B346:$AG346),)*(1-$B346) -> 0 | I346: =IFERROR(Points!H346/SUM(Points!$B346:$AG346),)*(1-$B346) -> 0 | J346: =IFERROR(Points!I346/SUM(Points!$B346:$AG346),)*(1-$B346) -> 0 | ... AE346: =IFERROR(Points!AD346/SUM(Points!$B346:$AG346),)*(1-$B346) -> 0
A347: =A346+1 -> 45942 | B347: 0 | C347: =IFERROR(Points!B347/SUM(Points!$B347:$AG347),)*(1-$B347) -> 0.051282051 | D347: =IFERROR(Points!C347/SUM(Points!$B347:$AG347),)*(1-$B347) -> 0.051282051 | E347: =IFERROR(Points!D347/SUM(Points!$B347:$AG347),)*(1-$B347) -> 0.064102564 | F347: =IFERROR(Points!E347/SUM(Points!$B347:$AG347),)*(1-$B347) -> 0.14957265 | G347: =IFERROR(Points!F347/SUM(Points!$B347:$AG347),)*(1-$B347) -> 0.12820513 | H347: =IFERROR(Points!G347/SUM(Points!$B347:$AG347),)*(1-$B347) -> 0.085470085 | I347: =IFERROR(Points!H347/SUM(Points!$B347:$AG347),)*(1-$B347) -> 0 | J347: =IFERROR(Points!I347/SUM(Points!$B347:$AG347),)*(1-$B347) -> 0 | ... AE347: =IFERROR(Points!AD347/SUM(Points!$B347:$AG347),)*(1-$B347) -> 0
A348: =A347+1 -> 45943 | B348: 0 | C348: =IFERROR(Points!B348/SUM(Points!$B348:$AG348),)*(1-$B348) -> 0 | D348: =IFERROR(Points!C348/SUM(Points!$B348:$AG348),)*(1-$B348) -> 0 | E348: =IFERROR(Points!D348/SUM(Points!$B348:$AG348),)*(1-$B348) -> 0 | F348: =IFERROR(Points!E348/SUM(Points!$B348:$AG348),)*(1-$B348) -> 0 | G348: =IFERROR(Points!F348/SUM(Points!$B348:$AG348),)*(1-$B348) -> 0 | H348: =IFERROR(Points!G348/SUM(Points!$B348:$AG348),)*(1-$B348) -> 0 | I348: =IFERROR(Points!H348/SUM(Points!$B348:$AG348),)*(1-$B348) -> 0 | J348: =IFERROR(Points!I348/SUM(Points!$B348:$AG348),)*(1-$B348) -> 0 | ... AE348: =IFERROR(Points!AD348/SUM(Points!$B348:$AG348),)*(1-$B348) -> 0
... A667: =A666+1 -> 46262 | B667: 0.04 | C667: =IFERROR(Points!B667/SUM(Points!$B667:$AG667),)*(1-$B667) -> 0 | D667: =IFERROR(Points!C667/SUM(Points!$B667:$AG667),)*(1-$B667) -> 0 | E667: =IFERROR(Points!D667/SUM(Points!$B667:$AG667),)*(1-$B667) -> 0 | F667: =IFERROR(Points!E667/SUM(Points!$B667:$AG667),)*(1-$B667) -> 0 | G667: =IFERROR(Points!F667/SUM(Points!$B667:$AG667),)*(1-$B667) -> 0 | H667: =IFERROR(Points!G667/SUM(Points!$B667:$AG667),)*(1-$B667) -> 0 | I667: =IFERROR(Points!H667/SUM(Points!$B667:$AG667),)*(1-$B667) -> 0 | J667: =IFERROR(Points!I667/SUM(Points!$B667:$AG667),)*(1-$B667) -> 0 | ... AE667: =IFERROR(Points!AD667/SUM(Points!$B667:$AG667),)*(1-$B667) -> 0
A668: =A667+1 -> 46263 | B668: 0.04 | C668: =IFERROR(Points!B668/SUM(Points!B668:Z668),) | D668: =IFERROR(Points!C668/SUM(Points!C668:AE668),) | E668: =IFERROR(Points!D668/SUM(Points!D668:AF668),) | F668: =IFERROR(Points!E668/SUM(Points!E668:AG668),) | G668: =IFERROR(Points!F668/SUM(Points!F668:AH668),) | H668: =IFERROR(Points!G668/SUM(Points!G668:AI668),) | I668: =IFERROR(Points!H668/SUM(Points!H668:AJ668),) | J668: =IFERROR(Points!I668/SUM(Points!I668:AK668),) | K668: =IFERROR(Points!J668/SUM(Points!J668:AL668),) | ... T668: =IFERROR(Points!S668/SUM(Points!S668:AU668),) | AA668: =$B668*'Points_%'!Z668 -> 0 | AB668: =IFERROR(Points!AA668/SUM(Points!$B668:$AG668),)*(1-$B668) -> 0 | AC668: =IFERROR(Points!AB668/SUM(Points!$B668:$AG668),)*(1-$B668) -> 0 | AD668: =IFERROR(Points!AC668/SUM(Points!$B668:$AG668),)*(1-$B668) -> 0 | AE668: =IFERROR(Points!AD668/SUM(Points!$B668:$AG668),)*(1-$B668) -> 0
A669: =A668+1 -> 46264 | B669: 0.04 | C669: =IFERROR(Points!B669/SUM(Points!B669:Z669),) | D669: =IFERROR(Points!C669/SUM(Points!C669:AE669),) | E669: =IFERROR(Points!D669/SUM(Points!D669:AF669),) | F669: =IFERROR(Points!E669/SUM(Points!E669:AG669),) | G669: =IFERROR(Points!F669/SUM(Points!F669:AH669),) | H669: =IFERROR(Points!G669/SUM(Points!G669:AI669),) | I669: =IFERROR(Points!H669/SUM(Points!H669:AJ669),) | J669: =IFERROR(Points!I669/SUM(Points!I669:AK669),) | K669: =IFERROR(Points!J669/SUM(Points!J669:AL669),) | ... T669: =IFERROR(Points!S669/SUM(Points!S669:AU669),) | AA669: =$B669*'Points_%'!Z669 -> 0 | AB669: =IFERROR(Points!AA669/SUM(Points!$B669:$AG669),)*(1-$B669) -> 0 | AC669: =IFERROR(Points!AB669/SUM(Points!$B669:$AG669),)*(1-$B669) -> 0 | AD669: =IFERROR(Points!AC669/SUM(Points!$B669:$AG669),)*(1-$B669) -> 0 | AE669: =IFERROR(Points!AD669/SUM(Points!$B669:$AG669),)*(1-$B669) -> 0
A670: =A669+1 -> 46265 | B670: 0.04 | C670: =IFERROR(Points!B670/SUM(Points!B670:Z670),) | D670: =IFERROR(Points!C670/SUM(Points!C670:AE670),) | E670: =IFERROR(Points!D670/SUM(Points!D670:AF670),) | F670: =IFERROR(Points!E670/SUM(Points!E670:AG670),) | G670: =IFERROR(Points!F670/SUM(Points!F670:AH670),) | H670: =IFERROR(Points!G670/SUM(Points!G670:AI670),) | I670: =IFERROR(Points!H670/SUM(Points!H670:AJ670),) | J670: =IFERROR(Points!I670/SUM(Points!I670:AK670),) | K670: =IFERROR(Points!J670/SUM(Points!J670:AL670),) | ... T670: =IFERROR(Points!S670/SUM(Points!S670:AU670),) | AA670: =$B670*'Points_%'!Z670 -> 0 | AB670: =IFERROR(Points!AA670/SUM(Points!$B670:$AG670),)*(1-$B670) -> 0 | AC670: =IFERROR(Points!AB670/SUM(Points!$B670:$AG670),)*(1-$B670) -> 0 | AD670: =IFERROR(Points!AC670/SUM(Points!$B670:$AG670),)*(1-$B670) -> 0 | AE670: =IFERROR(Points!AD670/SUM(Points!$B670:$AG670),)*(1-$B670) -> 0
A671: =A670+1 -> 46266 | B671: 0.04 | C671: =IFERROR(Points!B671/SUM(Points!B671:Z671),) | D671: =IFERROR(Points!C671/SUM(Points!C671:AE671),) | E671: =IFERROR(Points!D671/SUM(Points!D671:AF671),) | F671: =IFERROR(Points!E671/SUM(Points!E671:AG671),) | G671: =IFERROR(Points!F671/SUM(Points!F671:AH671),) | H671: =IFERROR(Points!G671/SUM(Points!G671:AI671),) | I671: =IFERROR(Points!H671/SUM(Points!H671:AJ671),) | J671: =IFERROR(Points!I671/SUM(Points!I671:AK671),) | K671: =IFERROR(Points!J671/SUM(Points!J671:AL671),) | ... T671: =IFERROR(Points!S671/SUM(Points!S671:AU671),) | AA671: =$B671*'Points_%'!Z671 -> 0 | AB671: =IFERROR(Points!AA671/SUM(Points!$B671:$AG671),)*(1-$B671) -> 0 | AC671: =IFERROR(Points!AB671/SUM(Points!$B671:$AG671),)*(1-$B671) -> 0 | AD671: =IFERROR(Points!AC671/SUM(Points!$B671:$AG671),)*(1-$B671) -> 0 | AE671: =IFERROR(Points!AD671/SUM(Points!$B671:$AG671),)*(1-$B671) -> 0
A672: =A671+1 -> 46267 | B672: 0.04 | C672: =IFERROR(Points!B672/SUM(Points!B672:Z672),) | D672: =IFERROR(Points!C672/SUM(Points!C672:AE672),) | E672: =IFERROR(Points!D672/SUM(Points!D672:AF672),) | F672: =IFERROR(Points!E672/SUM(Points!E672:AG672),) | G672: =IFERROR(Points!F672/SUM(Points!F672:AH672),) | H672: =IFERROR(Points!G672/SUM(Points!G672:AI672),) | I672: =IFERROR(Points!H672/SUM(Points!H672:AJ672),) | J672: =IFERROR(Points!I672/SUM(Points!I672:AK672),) | K672: =IFERROR(Points!J672/SUM(Points!J672:AL672),) | ... T672: =IFERROR(Points!S672/SUM(Points!S672:AU672),) | AA672: =$B672*'Points_%'!Z672 -> 0 | AB672: =IFERROR(Points!AA672/SUM(Points!$B672:$AG672),)*(1-$B672) -> 0 | AC672: =IFERROR(Points!AB672/SUM(Points!$B672:$AG672),)*(1-$B672) -> 0 | AD672: =IFERROR(Points!AC672/SUM(Points!$B672:$AG672),)*(1-$B672) -> 0 | AE672: =IFERROR(Points!AD672/SUM(Points!$B672:$AG672),)*(1-$B672) -> 0
A673: =A672+1 -> 46268 | B673: 0.04 | C673: =IFERROR(Points!B673/SUM(Points!B673:Z673),) | D673: =IFERROR(Points!C673/SUM(Points!C673:AE673),) | E673: =IFERROR(Points!D673/SUM(Points!D673:AF673),) | F673: =IFERROR(Points!E673/SUM(Points!E673:AG673),) | G673: =IFERROR(Points!F673/SUM(Points!F673:AH673),) | H673: =IFERROR(Points!G673/SUM(Points!G673:AI673),) | I673: =IFERROR(Points!H673/SUM(Points!H673:AJ673),) | J673: =IFERROR(Points!I673/SUM(Points!I673:AK673),) | K673: =IFERROR(Points!J673/SUM(Points!J673:AL673),) | ... T673: =IFERROR(Points!S673/SUM(Points!S673:AU673),) | AA673: =$B673*'Points_%'!Z673 -> 0 | AB673: =IFERROR(Points!AA673/SUM(Points!$B673:$AG673),)*(1-$B673) -> 0 | AC673: =IFERROR(Points!AB673/SUM(Points!$B673:$AG673),)*(1-$B673) -> 0 | AD673: =IFERROR(Points!AC673/SUM(Points!$B673:$AG673),)*(1-$B673) -> 0 | AE673: =IFERROR(Points!AD673/SUM(Points!$B673:$AG673),)*(1-$B673) -> 0
A674: =A673+1 -> 46269 | B674: 0.04 | C674: =IFERROR(Points!B674/SUM(Points!B674:Z674),) | D674: =IFERROR(Points!C674/SUM(Points!C674:AE674),) | E674: =IFERROR(Points!D674/SUM(Points!D674:AF674),) | F674: =IFERROR(Points!E674/SUM(Points!E674:AG674),) | G674: =IFERROR(Points!F674/SUM(Points!F674:AH674),) | H674: =IFERROR(Points!G674/SUM(Points!G674:AI674),) | I674: =IFERROR(Points!H674/SUM(Points!H674:AJ674),) | J674: =IFERROR(Points!I674/SUM(Points!I674:AK674),) | K674: =IFERROR(Points!J674/SUM(Points!J674:AL674),) | ... T674: =IFERROR(Points!S674/SUM(Points!S674:AU674),) | AA674: =$B674*'Points_%'!Z674 -> 0 | AB674: =IFERROR(Points!AA674/SUM(Points!$B674:$AG674),)*(1-$B674) -> 0 | AC674: =IFERROR(Points!AB674/SUM(Points!$B674:$AG674),)*(1-$B674) -> 0 | AD674: =IFERROR(Points!AC674/SUM(Points!$B674:$AG674),)*(1-$B674) -> 0 | AE674: =IFERROR(Points!AD674/SUM(Points!$B674:$AG674),)*(1-$B674) -> 0
A675: =A674+1 -> 46270 | B675: 0.04 | C675: =IFERROR(Points!B675/SUM(Points!B675:Z675),) | D675: =IFERROR(Points!C675/SUM(Points!C675:AE675),) | E675: =IFERROR(Points!D675/SUM(Points!D675:AF675),) | F675: =IFERROR(Points!E675/SUM(Points!E675:AG675),) | G675: =IFERROR(Points!F675/SUM(Points!F675:AH675),) | H675: =IFERROR(Points!G675/SUM(Points!G675:AI675),) | I675: =IFERROR(Points!H675/SUM(Points!H675:AJ675),) | J675: =IFERROR(Points!I675/SUM(Points!I675:AK675),) | K675: =IFERROR(Points!J675/SUM(Points!J675:AL675),) | ... T675: =IFERROR(Points!S675/SUM(Points!S675:AU675),) | AA675: =$B675*'Points_%'!Z675 -> 0 | AB675: =IFERROR(Points!AA675/SUM(Points!$B675:$AG675),)*(1-$B675) -> 0 | AC675: =IFERROR(Points!AB675/SUM(Points!$B675:$AG675),)*(1-$B675) -> 0 | AD675: =IFERROR(Points!AC675/SUM(Points!$B675:$AG675),)*(1-$B675) -> 0 | AE675: =IFERROR(Points!AD675/SUM(Points!$B675:$AG675),)*(1-$B675) -> 0
A676: =A675+1 -> 46271 | B676: 0.04 | C676: =IFERROR(Points!B676/SUM(Points!B676:Z676),) | D676: =IFERROR(Points!C676/SUM(Points!C676:AE676),) | E676: =IFERROR(Points!D676/SUM(Points!D676:AF676),) | F676: =IFERROR(Points!E676/SUM(Points!E676:AG676),) | G676: =IFERROR(Points!F676/SUM(Points!F676:AH676),) | H676: =IFERROR(Points!G676/SUM(Points!G676:AI676),) | I676: =IFERROR(Points!H676/SUM(Points!H676:AJ676),) | J676: =IFERROR(Points!I676/SUM(Points!I676:AK676),) | K676: =IFERROR(Points!J676/SUM(Points!J676:AL676),) | ... T676: =IFERROR(Points!S676/SUM(Points!S676:AU676),) | AA676: =$B676*'Points_%'!Z676 -> 0 | AB676: =IFERROR(Points!AA676/SUM(Points!$B676:$AG676),)*(1-$B676) -> 0 | AC676: =IFERROR(Points!AB676/SUM(Points!$B676:$AG676),)*(1-$B676) -> 0 | AD676: =IFERROR(Points!AC676/SUM(Points!$B676:$AG676),)*(1-$B676) -> 0 | AE676: =IFERROR(Points!AD676/SUM(Points!$B676:$AG676),)*(1-$B676) -> 0
A677: =A676+1 -> 46272 | B677: 0.04 | C677: =IFERROR(Points!B677/SUM(Points!B677:Z677),) | D677: =IFERROR(Points!C677/SUM(Points!C677:AE677),) | E677: =IFERROR(Points!D677/SUM(Points!D677:AF677),) | F677: =IFERROR(Points!E677/SUM(Points!E677:AG677),) | G677: =IFERROR(Points!F677/SUM(Points!F677:AH677),) | H677: =IFERROR(Points!G677/SUM(Points!G677:AI677),) | I677: =IFERROR(Points!H677/SUM(Points!H677:AJ677),) | J677: =IFERROR(Points!I677/SUM(Points!I677:AK677),) | K677: =IFERROR(Points!J677/SUM(Points!J677:AL677),) | ... T677: =IFERROR(Points!S677/SUM(Points!S677:AU677),) | AA677: =$B677*'Points_%'!Z677 -> 0 | AB677: =IFERROR(Points!AA677/SUM(Points!$B677:$AG677),)*(1-$B677) -> 0 | AC677: =IFERROR(Points!AB677/SUM(Points!$B677:$AG677),)*(1-$B677) -> 0 | AD677: =IFERROR(Points!AC677/SUM(Points!$B677:$AG677),)*(1-$B677) -> 0 | AE677: =IFERROR(Points!AD677/SUM(Points!$B677:$AG677),)*(1-$B677) -> 0
A678: =A677+1 -> 46273 | B678: 0.04 | C678: =IFERROR(Points!B678/SUM(Points!B678:Z678),) | D678: =IFERROR(Points!C678/SUM(Points!C678:AE678),) | E678: =IFERROR(Points!D678/SUM(Points!D678:AF678),) | F678: =IFERROR(Points!E678/SUM(Points!E678:AG678),) | G678: =IFERROR(Points!F678/SUM(Points!F678:AH678),) | H678: =IFERROR(Points!G678/SUM(Points!G678:AI678),) | I678: =IFERROR(Points!H678/SUM(Points!H678:AJ678),) | J678: =IFERROR(Points!I678/SUM(Points!I678:AK678),) | K678: =IFERROR(Points!J678/SUM(Points!J678:AL678),) | ... T678: =IFERROR(Points!S678/SUM(Points!S678:AU678),) | AA678: =$B678*'Points_%'!Z678 -> 0 | AB678: =IFERROR(Points!AA678/SUM(Points!$B678:$AG678),)*(1-$B678) -> 0 | AC678: =IFERROR(Points!AB678/SUM(Points!$B678:$AG678),)*(1-$B678) -> 0 | AD678: =IFERROR(Points!AC678/SUM(Points!$B678:$AG678),)*(1-$B678) -> 0 | AE678: =IFERROR(Points!AD678/SUM(Points!$B678:$AG678),)*(1-$B678) -> 0
A679: =A678+1 -> 46274 | B679: 0.04 | C679: =IFERROR(Points!B679/SUM(Points!B679:Z679),) | D679: =IFERROR(Points!C679/SUM(Points!C679:AE679),) | E679: =IFERROR(Points!D679/SUM(Points!D679:AF679),) | F679: =IFERROR(Points!E679/SUM(Points!E679:AG679),) | G679: =IFERROR(Points!F679/SUM(Points!F679:AH679),) | H679: =IFERROR(Points!G679/SUM(Points!G679:AI679),) | I679: =IFERROR(Points!H679/SUM(Points!H679:AJ679),) | J679: =IFERROR(Points!I679/SUM(Points!I679:AK679),) | K679: =IFERROR(Points!J679/SUM(Points!J679:AL679),) | ... T679: =IFERROR(Points!S679/SUM(Points!S679:AU679),) | AA679: =$B679*'Points_%'!Z679 -> 0 | AB679: =IFERROR(Points!AA679/SUM(Points!$B679:$AG679),)*(1-$B679) -> 0 | AC679: =IFERROR(Points!AB679/SUM(Points!$B679:$AG679),)*(1-$B679) -> 0 | AD679: =IFERROR(Points!AC679/SUM(Points!$B679:$AG679),)*(1-$B679) -> 0 | AE679: =IFERROR(Points!AD679/SUM(Points!$B679:$AG679),)*(1-$B679) -> 0
... A696: =A695+1 -> 46291 | B696: 0.04 | C696: =IFERROR(Points!B696/SUM(Points!B696:Z696),) | D696: =IFERROR(Points!C696/SUM(Points!C696:AE696),) | E696: =IFERROR(Points!D696/SUM(Points!D696:AF696),) | F696: =IFERROR(Points!E696/SUM(Points!E696:AG696),) | G696: =IFERROR(Points!F696/SUM(Points!F696:AH696),) | H696: =IFERROR(Points!G696/SUM(Points!G696:AI696),) | I696: =IFERROR(Points!H696/SUM(Points!H696:AJ696),) | J696: =IFERROR(Points!I696/SUM(Points!I696:AK696),) | K696: =IFERROR(Points!J696/SUM(Points!J696:AL696),) | ... T696: =IFERROR(Points!S696/SUM(Points!S696:AU696),) | AA696: =$B696*'Points_%'!Z696 -> 0 | AB696: =IFERROR(Points!AA696/SUM(Points!$B696:$AG696),)*(1-$B696) -> 0 | AC696: =IFERROR(Points!AB696/SUM(Points!$B696:$AG696),)*(1-$B696) -> 0 | AD696: =IFERROR(Points!AC696/SUM(Points!$B696:$AG696),)*(1-$B696) -> 0 | AE696: =IFERROR(Points!AD696/SUM(Points!$B696:$AG696),)*(1-$B696) -> 0
A697: =A696+1 -> 46292 | B697: 0.04 | C697: =IFERROR(Points!B697/SUM(Points!B697:Z697),) | D697: =IFERROR(Points!C697/SUM(Points!C697:AE697),) | E697: =IFERROR(Points!D697/SUM(Points!D697:AF697),) | F697: =IFERROR(Points!E697/SUM(Points!E697:AG697),) | G697: =IFERROR(Points!F697/SUM(Points!F697:AH697),) | H697: =IFERROR(Points!G697/SUM(Points!G697:AI697),) | I697: =IFERROR(Points!H697/SUM(Points!H697:AJ697),) | J697: =IFERROR(Points!I697/SUM(Points!I697:AK697),) | K697: =IFERROR(Points!J697/SUM(Points!J697:AL697),) | ... T697: =IFERROR(Points!S697/SUM(Points!S697:AU697),)
A698: =A697+1 -> 46293 | B698: 0.04 | C698: =IFERROR(Points!B698/SUM(Points!B698:Z698),) | D698: =IFERROR(Points!C698/SUM(Points!C698:AE698),) | E698: =IFERROR(Points!D698/SUM(Points!D698:AF698),) | F698: =IFERROR(Points!E698/SUM(Points!E698:AG698),) | G698: =IFERROR(Points!F698/SUM(Points!F698:AH698),) | H698: =IFERROR(Points!G698/SUM(Points!G698:AI698),) | I698: =IFERROR(Points!H698/SUM(Points!H698:AJ698),) | J698: =IFERROR(Points!I698/SUM(Points!I698:AK698),) | K698: =IFERROR(Points!J698/SUM(Points!J698:AL698),) | ... T698: =IFERROR(Points!S698/SUM(Points!S698:AU698),)
A699: =A698+1 -> 46294 | B699: 0.04 | C699: =IFERROR(Points!B699/SUM(Points!B699:Z699),) | D699: =IFERROR(Points!C699/SUM(Points!C699:AE699),) | E699: =IFERROR(Points!D699/SUM(Points!D699:AF699),) | F699: =IFERROR(Points!E699/SUM(Points!E699:AG699),) | G699: =IFERROR(Points!F699/SUM(Points!F699:AH699),) | H699: =IFERROR(Points!G699/SUM(Points!G699:AI699),) | I699: =IFERROR(Points!H699/SUM(Points!H699:AJ699),) | J699: =IFERROR(Points!I699/SUM(Points!I699:AK699),) | K699: =IFERROR(Points!J699/SUM(Points!J699:AL699),) | ... T699: =IFERROR(Points!S699/SUM(Points!S699:AU699),)
A700: =A699+1 -> 46295 | B700: 0.04 | C700: =IFERROR(Points!B700/SUM(Points!B700:Z700),) | D700: =IFERROR(Points!C700/SUM(Points!C700:AE700),) | E700: =IFERROR(Points!D700/SUM(Points!D700:AF700),) | F700: =IFERROR(Points!E700/SUM(Points!E700:AG700),) | G700: =IFERROR(Points!F700/SUM(Points!F700:AH700),) | H700: =IFERROR(Points!G700/SUM(Points!G700:AI700),) | I700: =IFERROR(Points!H700/SUM(Points!H700:AJ700),) | J700: =IFERROR(Points!I700/SUM(Points!I700:AK700),) | K700: =IFERROR(Points!J700/SUM(Points!J700:AL700),) | ... T700: =IFERROR(Points!S700/SUM(Points!S700:AU700),)
A701: =A700+1 -> 46296 | B701: 0.04 | C701: =IFERROR(Points!B701/SUM(Points!B701:Z701),) | D701: =IFERROR(Points!C701/SUM(Points!C701:AE701),) | E701: =IFERROR(Points!D701/SUM(Points!D701:AF701),) | F701: =IFERROR(Points!E701/SUM(Points!E701:AG701),) | G701: =IFERROR(Points!F701/SUM(Points!F701:AH701),) | H701: =IFERROR(Points!G701/SUM(Points!G701:AI701),) | I701: =IFERROR(Points!H701/SUM(Points!H701:AJ701),) | J701: =IFERROR(Points!I701/SUM(Points!I701:AK701),) | K701: =IFERROR(Points!J701/SUM(Points!J701:AL701),) | ... T701: =IFERROR(Points!S701/SUM(Points!S701:AU701),)
A702: =A701+1 -> 46297 | B702: 0.04 | C702: =IFERROR(Points!B702/SUM(Points!B702:Z702),) | D702: =IFERROR(Points!C702/SUM(Points!C702:AE702),) | E702: =IFERROR(Points!D702/SUM(Points!D702:AF702),) | F702: =IFERROR(Points!E702/SUM(Points!E702:AG702),) | G702: =IFERROR(Points!F702/SUM(Points!F702:AH702),) | H702: =IFERROR(Points!G702/SUM(Points!G702:AI702),) | I702: =IFERROR(Points!H702/SUM(Points!H702:AJ702),) | J702: =IFERROR(Points!I702/SUM(Points!I702:AK702),) | K702: =IFERROR(Points!J702/SUM(Points!J702:AL702),) | ... T702: =IFERROR(Points!S702/SUM(Points!S702:AU702),)
A703: =A702+1 -> 46298 | B703: 0.04 | C703: =IFERROR(Points!B703/SUM(Points!B703:Z703),) | D703: =IFERROR(Points!C703/SUM(Points!C703:AE703),) | E703: =IFERROR(Points!D703/SUM(Points!D703:AF703),) | F703: =IFERROR(Points!E703/SUM(Points!E703:AG703),) | G703: =IFERROR(Points!F703/SUM(Points!F703:AH703),) | H703: =IFERROR(Points!G703/SUM(Points!G703:AI703),) | I703: =IFERROR(Points!H703/SUM(Points!H703:AJ703),) | J703: =IFERROR(Points!I703/SUM(Points!I703:AK703),) | K703: =IFERROR(Points!J703/SUM(Points!J703:AL703),) | ... T703: =IFERROR(Points!S703/SUM(Points!S703:AU703),)
A704: =A703+1 -> 46299 | B704: 0.04 | C704: =IFERROR(Points!B704/SUM(Points!B704:Z704),) | D704: =IFERROR(Points!C704/SUM(Points!C704:AE704),) | E704: =IFERROR(Points!D704/SUM(Points!D704:AF704),) | F704: =IFERROR(Points!E704/SUM(Points!E704:AG704),) | G704: =IFERROR(Points!F704/SUM(Points!F704:AH704),) | H704: =IFERROR(Points!G704/SUM(Points!G704:AI704),) | I704: =IFERROR(Points!H704/SUM(Points!H704:AJ704),) | J704: =IFERROR(Points!I704/SUM(Points!I704:AK704),) | K704: =IFERROR(Points!J704/SUM(Points!J704:AL704),) | ... T704: =IFERROR(Points!S704/SUM(Points!S704:AU704),)
A705: =A704+1 -> 46300 | B705: 0.04 | C705: =IFERROR(Points!B705/SUM(Points!B705:Z705),) | D705: =IFERROR(Points!C705/SUM(Points!C705:AE705),) | E705: =IFERROR(Points!D705/SUM(Points!D705:AF705),) | F705: =IFERROR(Points!E705/SUM(Points!E705:AG705),) | G705: =IFERROR(Points!F705/SUM(Points!F705:AH705),) | H705: =IFERROR(Points!G705/SUM(Points!G705:AI705),) | I705: =IFERROR(Points!H705/SUM(Points!H705:AJ705),) | J705: =IFERROR(Points!I705/SUM(Points!I705:AK705),) | K705: =IFERROR(Points!J705/SUM(Points!J705:AL705),) | ... T705: =IFERROR(Points!S705/SUM(Points!S705:AU705),)
A706: =A705+1 -> 46301 | B706: 0.04 | C706: =IFERROR(Points!B706/SUM(Points!B706:Z706),) | D706: =IFERROR(Points!C706/SUM(Points!C706:AE706),) | E706: =IFERROR(Points!D706/SUM(Points!D706:AF706),) | F706: =IFERROR(Points!E706/SUM(Points!E706:AG706),) | G706: =IFERROR(Points!F706/SUM(Points!F706:AH706),) | H706: =IFERROR(Points!G706/SUM(Points!G706:AI706),) | I706: =IFERROR(Points!H706/SUM(Points!H706:AJ706),) | J706: =IFERROR(Points!I706/SUM(Points!I706:AK706),) | K706: =IFERROR(Points!J706/SUM(Points!J706:AL706),) | ... T706: =IFERROR(Points!S706/SUM(Points!S706:AU706),)
A707: =A706+1 -> 46302 | B707: 0.04 | C707: =IFERROR(Points!B707/SUM(Points!B707:Z707),) | D707: =IFERROR(Points!C707/SUM(Points!C707:AE707),) | E707: =IFERROR(Points!D707/SUM(Points!D707:AF707),) | F707: =IFERROR(Points!E707/SUM(Points!E707:AG707),) | G707: =IFERROR(Points!F707/SUM(Points!F707:AH707),) | H707: =IFERROR(Points!G707/SUM(Points!G707:AI707),) | I707: =IFERROR(Points!H707/SUM(Points!H707:AJ707),) | J707: =IFERROR(Points!I707/SUM(Points!I707:AK707),) | K707: =IFERROR(Points!J707/SUM(Points!J707:AL707),) | ... T707: =IFERROR(Points!S707/SUM(Points!S707:AU707),)
A708: =A707+1 -> 46303 | B708: 0.04 | C708: =IFERROR(Points!B708/SUM(Points!B708:Z708),) | D708: =IFERROR(Points!C708/SUM(Points!C708:AE708),) | E708: =IFERROR(Points!D708/SUM(Points!D708:AF708),) | F708: =IFERROR(Points!E708/SUM(Points!E708:AG708),) | G708: =IFERROR(Points!F708/SUM(Points!F708:AH708),) | H708: =IFERROR(Points!G708/SUM(Points!G708:AI708),) | I708: =IFERROR(Points!H708/SUM(Points!H708:AJ708),) | J708: =IFERROR(Points!I708/SUM(Points!I708:AK708),) | K708: =IFERROR(Points!J708/SUM(Points!J708:AL708),) | ... T708: =IFERROR(Points!S708/SUM(Points!S708:AU708),)
... A876: =A875+1 -> 46471 | B876: 0.04 | C876: =IFERROR(Points!B876/SUM(Points!B876:Z876),) | D876: =IFERROR(Points!C876/SUM(Points!C876:AE876),) | E876: =IFERROR(Points!D876/SUM(Points!D876:AF876),) | F876: =IFERROR(Points!E876/SUM(Points!E876:AG876),) | G876: =IFERROR(Points!F876/SUM(Points!F876:AH876),) | H876: =IFERROR(Points!G876/SUM(Points!G876:AI876),) | I876: =IFERROR(Points!H876/SUM(Points!H876:AJ876),) | J876: =IFERROR(Points!I876/SUM(Points!I876:AK876),) | K876: =IFERROR(Points!J876/SUM(Points!J876:AL876),) | ... T876: =IFERROR(Points!S876/SUM(Points!S876:AU876),)
C877: =VLOOKUP($A877,'2025'!$C:$Z,MATCH(C$1,'2025'!$C$1:$Z$1,0)) -> #N/A | D877: =VLOOKUP($A877,'2025'!$C:$Z,MATCH(D$1,'2025'!$C$1:$Z$1,0)) -> #N/A | E877: =VLOOKUP($A877,'2025'!$C:$Z,MATCH(E$1,'2025'!$C$1:$Z$1,0)) -> #N/A | F877: =VLOOKUP($A877,'2025'!$C:$Z,MATCH(F$1,'2025'!$C$1:$Z$1,0)) -> #N/A | G877: =VLOOKUP($A877,'2025'!$C:$Z,MATCH(G$1,'2025'!$C$1:$Z$1,0)) -> #N/A | H877: =VLOOKUP($A877,'2025'!$C:$Z,MATCH(H$1,'2025'!$C$1:$Z$1,0)) -> #N/A | I877: =VLOOKUP($A877,'2025'!$C:$Z,MATCH(I$1,'2025'!$C$1:$Z$1,0)) -> #N/A | J877: =VLOOKUP($A877,'2025'!$C:$Z,MATCH(J$1,'2025'!$C$1:$Z$1,0)) -> #N/A | ... P877: =VLOOKUP($A877,'2025'!$C:$Z,MATCH(P$1,'2025'!$C$1:$Z$1,0)) -> #N/A
C878: =VLOOKUP($A878,'2025'!$C:$Z,MATCH(C$1,'2025'!$C$1:$Z$1,0)) -> #N/A | D878: =VLOOKUP($A878,'2025'!$C:$Z,MATCH(D$1,'2025'!$C$1:$Z$1,0)) -> #N/A | E878: =VLOOKUP($A878,'2025'!$C:$Z,MATCH(E$1,'2025'!$C$1:$Z$1,0)) -> #N/A | F878: =VLOOKUP($A878,'2025'!$C:$Z,MATCH(F$1,'2025'!$C$1:$Z$1,0)) -> #N/A | G878: =VLOOKUP($A878,'2025'!$C:$Z,MATCH(G$1,'2025'!$C$1:$Z$1,0)) -> #N/A | H878: =VLOOKUP($A878,'2025'!$C:$Z,MATCH(H$1,'2025'!$C$1:$Z$1,0)) -> #N/A | I878: =VLOOKUP($A878,'2025'!$C:$Z,MATCH(I$1,'2025'!$C$1:$Z$1,0)) -> #N/A | J878: =VLOOKUP($A878,'2025'!$C:$Z,MATCH(J$1,'2025'!$C$1:$Z$1,0)) -> #N/A | ... P878: =VLOOKUP($A878,'2025'!$C:$Z,MATCH(P$1,'2025'!$C$1:$Z$1,0)) -> #N/A
C879: =VLOOKUP($A879,'2025'!$C:$Z,MATCH(C$1,'2025'!$C$1:$Z$1,0)) -> #N/A | D879: =VLOOKUP($A879,'2025'!$C:$Z,MATCH(D$1,'2025'!$C$1:$Z$1,0)) -> #N/A | E879: =VLOOKUP($A879,'2025'!$C:$Z,MATCH(E$1,'2025'!$C$1:$Z$1,0)) -> #N/A | F879: =VLOOKUP($A879,'2025'!$C:$Z,MATCH(F$1,'2025'!$C$1:$Z$1,0)) -> #N/A | G879: =VLOOKUP($A879,'2025'!$C:$Z,MATCH(G$1,'2025'!$C$1:$Z$1,0)) -> #N/A | H879: =VLOOKUP($A879,'2025'!$C:$Z,MATCH(H$1,'2025'!$C$1:$Z$1,0)) -> #N/A | I879: =VLOOKUP($A879,'2025'!$C:$Z,MATCH(I$1,'2025'!$C$1:$Z$1,0)) -> #N/A | J879: =VLOOKUP($A879,'2025'!$C:$Z,MATCH(J$1,'2025'!$C$1:$Z$1,0)) -> #N/A | ... P879: =VLOOKUP($A879,'2025'!$C:$Z,MATCH(P$1,'2025'!$C$1:$Z$1,0)) -> #N/A
C880: =VLOOKUP($A880,'2025'!$C:$Z,MATCH(C$1,'2025'!$C$1:$Z$1,0)) -> #N/A | D880: =VLOOKUP($A880,'2025'!$C:$Z,MATCH(D$1,'2025'!$C$1:$Z$1,0)) -> #N/A | E880: =VLOOKUP($A880,'2025'!$C:$Z,MATCH(E$1,'2025'!$C$1:$Z$1,0)) -> #N/A | F880: =VLOOKUP($A880,'2025'!$C:$Z,MATCH(F$1,'2025'!$C$1:$Z$1,0)) -> #N/A | G880: =VLOOKUP($A880,'2025'!$C:$Z,MATCH(G$1,'2025'!$C$1:$Z$1,0)) -> #N/A | H880: =VLOOKUP($A880,'2025'!$C:$Z,MATCH(H$1,'2025'!$C$1:$Z$1,0)) -> #N/A | I880: =VLOOKUP($A880,'2025'!$C:$Z,MATCH(I$1,'2025'!$C$1:$Z$1,0)) -> #N/A | J880: =VLOOKUP($A880,'2025'!$C:$Z,MATCH(J$1,'2025'!$C$1:$Z$1,0)) -> #N/A | ... P880: =VLOOKUP($A880,'2025'!$C:$Z,MATCH(P$1,'2025'!$C$1:$Z$1,0)) -> #N/A
C881: =VLOOKUP($A881,'2025'!$C:$Z,MATCH(C$1,'2025'!$C$1:$Z$1,0)) -> #N/A | D881: =VLOOKUP($A881,'2025'!$C:$Z,MATCH(D$1,'2025'!$C$1:$Z$1,0)) -> #N/A | E881: =VLOOKUP($A881,'2025'!$C:$Z,MATCH(E$1,'2025'!$C$1:$Z$1,0)) -> #N/A | F881: =VLOOKUP($A881,'2025'!$C:$Z,MATCH(F$1,'2025'!$C$1:$Z$1,0)) -> #N/A | G881: =VLOOKUP($A881,'2025'!$C:$Z,MATCH(G$1,'2025'!$C$1:$Z$1,0)) -> #N/A | H881: =VLOOKUP($A881,'2025'!$C:$Z,MATCH(H$1,'2025'!$C$1:$Z$1,0)) -> #N/A | I881: =VLOOKUP($A881,'2025'!$C:$Z,MATCH(I$1,'2025'!$C$1:$Z$1,0)) -> #N/A | J881: =VLOOKUP($A881,'2025'!$C:$Z,MATCH(J$1,'2025'!$C$1:$Z$1,0)) -> #N/A | ... P881: =VLOOKUP($A881,'2025'!$C:$Z,MATCH(P$1,'2025'!$C$1:$Z$1,0)) -> #N/A
C882: =VLOOKUP($A882,'2025'!$C:$Z,MATCH(C$1,'2025'!$C$1:$Z$1,0)) -> #N/A | D882: =VLOOKUP($A882,'2025'!$C:$Z,MATCH(D$1,'2025'!$C$1:$Z$1,0)) -> #N/A | E882: =VLOOKUP($A882,'2025'!$C:$Z,MATCH(E$1,'2025'!$C$1:$Z$1,0)) -> #N/A | F882: =VLOOKUP($A882,'2025'!$C:$Z,MATCH(F$1,'2025'!$C$1:$Z$1,0)) -> #N/A | G882: =VLOOKUP($A882,'2025'!$C:$Z,MATCH(G$1,'2025'!$C$1:$Z$1,0)) -> #N/A | H882: =VLOOKUP($A882,'2025'!$C:$Z,MATCH(H$1,'2025'!$C$1:$Z$1,0)) -> #N/A | I882: =VLOOKUP($A882,'2025'!$C:$Z,MATCH(I$1,'2025'!$C$1:$Z$1,0)) -> #N/A | J882: =VLOOKUP($A882,'2025'!$C:$Z,MATCH(J$1,'2025'!$C$1:$Z$1,0)) -> #N/A | ... P882: =VLOOKUP($A882,'2025'!$C:$Z,MATCH(P$1,'2025'!$C$1:$Z$1,0)) -> #N/A
C883: =VLOOKUP($A883,'2025'!$C:$Z,MATCH(C$1,'2025'!$C$1:$Z$1,0)) -> #N/A | D883: =VLOOKUP($A883,'2025'!$C:$Z,MATCH(D$1,'2025'!$C$1:$Z$1,0)) -> #N/A | E883: =VLOOKUP($A883,'2025'!$C:$Z,MATCH(E$1,'2025'!$C$1:$Z$1,0)) -> #N/A | F883: =VLOOKUP($A883,'2025'!$C:$Z,MATCH(F$1,'2025'!$C$1:$Z$1,0)) -> #N/A | G883: =VLOOKUP($A883,'2025'!$C:$Z,MATCH(G$1,'2025'!$C$1:$Z$1,0)) -> #N/A | H883: =VLOOKUP($A883,'2025'!$C:$Z,MATCH(H$1,'2025'!$C$1:$Z$1,0)) -> #N/A | I883: =VLOOKUP($A883,'2025'!$C:$Z,MATCH(I$1,'2025'!$C$1:$Z$1,0)) -> #N/A | J883: =VLOOKUP($A883,'2025'!$C:$Z,MATCH(J$1,'2025'!$C$1:$Z$1,0)) -> #N/A | ... P883: =VLOOKUP($A883,'2025'!$C:$Z,MATCH(P$1,'2025'!$C$1:$Z$1,0)) -> #N/A
C884: =VLOOKUP($A884,'2025'!$C:$Z,MATCH(C$1,'2025'!$C$1:$Z$1,0)) -> #N/A | D884: =VLOOKUP($A884,'2025'!$C:$Z,MATCH(D$1,'2025'!$C$1:$Z$1,0)) -> #N/A | E884: =VLOOKUP($A884,'2025'!$C:$Z,MATCH(E$1,'2025'!$C$1:$Z$1,0)) -> #N/A | F884: =VLOOKUP($A884,'2025'!$C:$Z,MATCH(F$1,'2025'!$C$1:$Z$1,0)) -> #N/A | G884: =VLOOKUP($A884,'2025'!$C:$Z,MATCH(G$1,'2025'!$C$1:$Z$1,0)) -> #N/A | H884: =VLOOKUP($A884,'2025'!$C:$Z,MATCH(H$1,'2025'!$C$1:$Z$1,0)) -> #N/A | I884: =VLOOKUP($A884,'2025'!$C:$Z,MATCH(I$1,'2025'!$C$1:$Z$1,0)) -> #N/A | J884: =VLOOKUP($A884,'2025'!$C:$Z,MATCH(J$1,'2025'!$C$1:$Z$1,0)) -> #N/A | ... P884: =VLOOKUP($A884,'2025'!$C:$Z,MATCH(P$1,'2025'!$C$1:$Z$1,0)) -> #N/A
C885: =VLOOKUP($A885,'2025'!$C:$Z,MATCH(C$1,'2025'!$C$1:$Z$1,0)) -> #N/A | D885: =VLOOKUP($A885,'2025'!$C:$Z,MATCH(D$1,'2025'!$C$1:$Z$1,0)) -> #N/A | E885: =VLOOKUP($A885,'2025'!$C:$Z,MATCH(E$1,'2025'!$C$1:$Z$1,0)) -> #N/A | F885: =VLOOKUP($A885,'2025'!$C:$Z,MATCH(F$1,'2025'!$C$1:$Z$1,0)) -> #N/A | G885: =VLOOKUP($A885,'2025'!$C:$Z,MATCH(G$1,'2025'!$C$1:$Z$1,0)) -> #N/A | H885: =VLOOKUP($A885,'2025'!$C:$Z,MATCH(H$1,'2025'!$C$1:$Z$1,0)) -> #N/A | I885: =VLOOKUP($A885,'2025'!$C:$Z,MATCH(I$1,'2025'!$C$1:$Z$1,0)) -> #N/A | J885: =VLOOKUP($A885,'2025'!$C:$Z,MATCH(J$1,'2025'!$C$1:$Z$1,0)) -> #N/A | ... P885: =VLOOKUP($A885,'2025'!$C:$Z,MATCH(P$1,'2025'!$C$1:$Z$1,0)) -> #N/A
C886: =VLOOKUP($A886,'2025'!$C:$Z,MATCH(C$1,'2025'!$C$1:$Z$1,0)) -> #N/A | D886: =VLOOKUP($A886,'2025'!$C:$Z,MATCH(D$1,'2025'!$C$1:$Z$1,0)) -> #N/A | E886: =VLOOKUP($A886,'2025'!$C:$Z,MATCH(E$1,'2025'!$C$1:$Z$1,0)) -> #N/A | F886: =VLOOKUP($A886,'2025'!$C:$Z,MATCH(F$1,'2025'!$C$1:$Z$1,0)) -> #N/A | G886: =VLOOKUP($A886,'2025'!$C:$Z,MATCH(G$1,'2025'!$C$1:$Z$1,0)) -> #N/A | H886: =VLOOKUP($A886,'2025'!$C:$Z,MATCH(H$1,'2025'!$C$1:$Z$1,0)) -> #N/A | I886: =VLOOKUP($A886,'2025'!$C:$Z,MATCH(I$1,'2025'!$C$1:$Z$1,0)) -> #N/A | J886: =VLOOKUP($A886,'2025'!$C:$Z,MATCH(J$1,'2025'!$C$1:$Z$1,0)) -> #N/A | ... P886: =VLOOKUP($A886,'2025'!$C:$Z,MATCH(P$1,'2025'!$C$1:$Z$1,0)) -> #N/A
C887: =VLOOKUP($A887,'2025'!$C:$Z,MATCH(C$1,'2025'!$C$1:$Z$1,0)) -> #N/A | D887: =VLOOKUP($A887,'2025'!$C:$Z,MATCH(D$1,'2025'!$C$1:$Z$1,0)) -> #N/A | E887: =VLOOKUP($A887,'2025'!$C:$Z,MATCH(E$1,'2025'!$C$1:$Z$1,0)) -> #N/A | F887: =VLOOKUP($A887,'2025'!$C:$Z,MATCH(F$1,'2025'!$C$1:$Z$1,0)) -> #N/A | G887: =VLOOKUP($A887,'2025'!$C:$Z,MATCH(G$1,'2025'!$C$1:$Z$1,0)) -> #N/A | H887: =VLOOKUP($A887,'2025'!$C:$Z,MATCH(H$1,'2025'!$C$1:$Z$1,0)) -> #N/A | I887: =VLOOKUP($A887,'2025'!$C:$Z,MATCH(I$1,'2025'!$C$1:$Z$1,0)) -> #N/A | J887: =VLOOKUP($A887,'2025'!$C:$Z,MATCH(J$1,'2025'!$C$1:$Z$1,0)) -> #N/A | ... P887: =VLOOKUP($A887,'2025'!$C:$Z,MATCH(P$1,'2025'!$C$1:$Z$1,0)) -> #N/A
C888: =VLOOKUP($A888,'2025'!$C:$Z,MATCH(C$1,'2025'!$C$1:$Z$1,0)) -> #N/A | D888: =VLOOKUP($A888,'2025'!$C:$Z,MATCH(D$1,'2025'!$C$1:$Z$1,0)) -> #N/A | E888: =VLOOKUP($A888,'2025'!$C:$Z,MATCH(E$1,'2025'!$C$1:$Z$1,0)) -> #N/A | F888: =VLOOKUP($A888,'2025'!$C:$Z,MATCH(F$1,'2025'!$C$1:$Z$1,0)) -> #N/A | G888: =VLOOKUP($A888,'2025'!$C:$Z,MATCH(G$1,'2025'!$C$1:$Z$1,0)) -> #N/A | H888: =VLOOKUP($A888,'2025'!$C:$Z,MATCH(H$1,'2025'!$C$1:$Z$1,0)) -> #N/A | I888: =VLOOKUP($A888,'2025'!$C:$Z,MATCH(I$1,'2025'!$C$1:$Z$1,0)) -> #N/A | J888: =VLOOKUP($A888,'2025'!$C:$Z,MATCH(J$1,'2025'!$C$1:$Z$1,0)) -> #N/A | ... P888: =VLOOKUP($A888,'2025'!$C:$Z,MATCH(P$1,'2025'!$C$1:$Z$1,0)) -> #N/A
... C1104: =VLOOKUP($A1104,'2025'!$C:$Z,MATCH(C$1,'2025'!$C$1:$Z$1,0)) -> #N/A | D1104: =VLOOKUP($A1104,'2025'!$C:$Z,MATCH(D$1,'2025'!$C$1:$Z$1,0)) -> #N/A | E1104: =VLOOKUP($A1104,'2025'!$C:$Z,MATCH(E$1,'2025'!$C$1:$Z$1,0)) -> #N/A | F1104: =VLOOKUP($A1104,'2025'!$C:$Z,MATCH(F$1,'2025'!$C$1:$Z$1,0)) -> #N/A | G1104: =VLOOKUP($A1104,'2025'!$C:$Z,MATCH(G$1,'2025'!$C$1:$Z$1,0)) -> #N/A | H1104: =VLOOKUP($A1104,'2025'!$C:$Z,MATCH(H$1,'2025'!$C$1:$Z$1,0)) -> #N/A | I1104: =VLOOKUP($A1104,'2025'!$C:$Z,MATCH(I$1,'2025'!$C$1:$Z$1,0)) -> #N/A | J1104: =VLOOKUP($A1104,'2025'!$C:$Z,MATCH(J$1,'2025'!$C$1:$Z$1,0)) -> #N/A | ... P1104: =VLOOKUP($A1104,'2025'!$C:$Z,MATCH(P$1,'2025'!$C$1:$Z$1,0)) -> #N/A
C1105: =VLOOKUP(A1105,'2025'!C:D,2) -> #N/A
C1106: =VLOOKUP(A1106,'2025'!C:D,2) -> #N/A
C1107: =VLOOKUP(A1107,'2025'!C:D,2) -> #N/A
C1108: =VLOOKUP(A1108,'2025'!C:D,2) -> #N/A
C1109: =VLOOKUP(A1109,'2025'!C:D,2) -> #N/A
C1110: =VLOOKUP(A1110,'2025'!C:D,2) -> #N/A
C1111: =VLOOKUP(A1111,'2025'!C:D,2) -> #N/A
...

Sheet Hours
A1: Dates | B1: Παντελίτσα | C1: Γιάννης | D1: Αναστασία | E1: Διομήδης | F1: Αυτάπ | G1: Εύα | H1: Χριστιάνα | I1: Κρίστης | J1: Γκάμπριελ | K1: Τάνια | L1: Μαρίνα | M1: Ανέλια | N1: Ναταλία | O1: Μαρία | P1: Αμάντα | Q1: Ανθούλα | R1: Ραζβάν | S1: Μυρτώ | T1: Κρεμένα | U1: Μυρτώ | V1: Σάντρα | W1: Λαουρέντζο | X1: Μαρήλια | Y1: Μαίρη | Z1: Γκαλίνα | AA1: Μαίρη Ιεαχωβά | AB1: Χριστίνα | AC1: Καλομοίρα | AD1: Χασάν | AE1: Σοφία
A2: 45597 | B2: 7 | C2: 7 | D2: 4 | E2: 4 | F2: 4 | G2: 4 | H2: 6 | J2: 2 | M2: 4
A3: =A2+1 -> 45598 | B3: 3.5 | C3: 7 | D3: 4 | E3: 4 | F3: 4 | G3: 4 | H3: 6 | I3: 4 | M3: 3.5
A4: =A3+1 -> 45599 | B4: 7 | C4: 7 | D4: 4 | E4: 4 | F4: 4 | G4: 4 | H4: 6 | I4: 4 | J4: 2 | M4: 4
A5: =A4+1 -> 45600
A6: =A5+1 -> 45601 | B6: 7 | C6: 7 | D6: 4 | E6: 4 | F6: 4 | G6: 4 | H6: 6 | J6: 2 | M6: 4 | N6: 1
A7: =A6+1 -> 45602 | B7: 7 | C7: 7 | D7: 2 | E7: 4 | F7: 4 | G7: 4 | H7: 6 | I7: 4 | J7: 2 | K7: 2 | L7: 1 | M7: 4 | N7: 1
A8: =A7+1 -> 45603 | B8: 7 | C8: 7 | D8: 4 | E8: 4 | G8: 4 | H8: 6 | I8: 4 | J8: 2 | K8: 1 | M8: 4
A9: =A8+1 -> 45604 | B9: 7 | C9: 7 | D9: 4 | E9: 4 | G9: 4 | H9: 6 | I9: 4 | J9: 1 | K9: 1 | L9: 1 | M9: 4 | N9: 1
A10: =A9+1 -> 45605 | B10: 5 | C10: 7 | D10: 4 | E10: 4 | F10: 4 | G10: 4 | H10: 6 | M10: 5 | N10: 1
A11: =A10+1 -> 45606 | C11: 7 | D11: 4 | E11: 4 | F11: 4 | G11: 4 | H11: 6 | I11: 4 | J11: 2 | M11: 5 | O11: 5
A12: =A11+1 -> 45607
A13: =A12+1 -> 45608 | B13: 6 | C13: 7 | D13: 5 | E13: 4 | F13: 5 | G13: 5 | H13: 6 | I13: 4 | M13: 4 | P13: 2 | Q13: 2
A14: =A13+1 -> 45609 | B14: 7 | C14: 7 | D14: 5 | E14: 4 | G14: 5 | H14: 6 | M14: 4 | P14: 2 | Q14: 2
A15: =A14+1 -> 45610 | B15: 7 | C15: 7 | D15: 5 | F15: 5 | G15: 5 | H15: 6 | I15: 4 | K15: 2 | L15: 2 | M15: 4 | N15: 1 | P15: 2 | Q15: 2
A16: =A15+1 -> 45611 | B16: 7 | C16: 7 | D16: 5 | E16: 4 | F16: 5 | G16: 5 | H16: 6 | I16: 3 | K16: 2 | M16: 4 | N16: 1 | P16: 1 | Q16: 2
A17: =A16+1 -> 45612 | B17: 6 | C17: 7 | D17: 5 | F17: 5 | G17: 5 | H17: 6 | I17: 4 | M17: 5 | Q17: 2
